
> 1Anime@4.4.0 dev
> next dev

  ▲ Next.js 14.2.7
  - Local:        http://localhost:3000
  - Environments: .env

 ✓ Starting...
> [PWA] PWA support is disabled
> [PWA] PWA support is disabled
 ✓ Ready in 1912ms
 ○ Compiling /en ...

warn - The `purge`/`content` options have changed in Tailwind CSS v3.0.
warn - Update your configuration file to eliminate this warning.
warn - https://tailwindcss.com/docs/upgrade-guide#configure-content-sources
 ✓ Compiled /en in 12.8s (1010 modules)
{
  trendData: [
    {
      id: 163292,
      idMal: 54913,
      status: 'RELEASING',
      title: [Object],
      bannerImage: 'https://s4.anilist.co/file/anilistcdn/media/anime/banner/163292-XOC86gRVHGOo.jpg',
      coverImage: [Object],
      episodes: 12,
      duration: 24,
      genres: [Array],
      description: '<i>"Why should it matter how old you are if you want to start something new?"</i><br><br>\n' +
        '\n' +
        "The strongest guy around, who also happens to be middle-aged, strives to be an adventurer! Everyone seems to think you should pursue your dreams while you're still young, but there's one man who just can't give up. In a world where most people who become adventurers do so in their teens, a guild employee in his thirties, Rick Gladiator, seeks to become an adventurer instead. After receiving unimaginably brutal training from the legendary party renowned as the strongest on the continent, Orichalcum Fist, he ends up with combat abilities worthy of S-rank status despite starting out as an F-rank rookie! <br><br>\n" +
        '(Source: Crunchyroll)',
      format: 'TV',
      averageScore: 67,
      popularity: 28103,
      nextAiringEpisode: [Object],
      startDate: [Object],
      endDate: [Object],
      trailer: [Object]
    },
    {
      id: 145728,
      idMal: 51122,
      status: 'RELEASING',
      title: [Object],
      bannerImage: 'https://s4.anilist.co/file/anilistcdn/media/anime/banner/145728-v6NGBJOQs8Kh.jpg',
      coverImage: [Object],
      episodes: 25,
      duration: 24,
      genres: [Array],
      description: 'Lawrence is a traveling merchant selling various goods from a horse-drawn cart. One day, he arrives at a village and meets a beautiful girl with the ears and tail of an animal! Her name is Holo the Wisewolf and she brings bountiful harvests. She wishes to return to her homeland, and Lawrence offers to take her. Now, the once-lonely merchant and the once-lonely wisewolf begin their journey north.<br>\n' +
        '<br>\n' +
        '(Source: Crunchyroll)',
      format: 'TV',
      averageScore: 77,
      popularity: 61950,
      nextAiringEpisode: [Object],
      startDate: [Object],
      endDate: [Object],
      trailer: [Object]
    },
    {
      id: 153406,
      idMal: 52635,
      status: 'RELEASING',
      title: [Object],
      bannerImage: 'https://s4.anilist.co/file/anilistcdn/media/anime/banner/153406-wP0TEqBVxY0V.jpg',
      coverImage: [Object],
      episodes: null,
      duration: 24,
      genres: [Array],
      description: 'The second season of <i>Kami no Tou: Tower of God</i>.\n' +
        '<br><br>\n' +
        'Ja Wangnan can’t seem to pass the 20th Floor. Even after failing time and time again, he refuses to give up. On his journey, he meets a mysterious and powerful character named Viole. Wangnan invites Viole to join his team of Regulars. Their journey continues with new challenges at every turn.\n' +
        '<br><br>\n' +
        '(Source: Crunchyroll)',
      format: 'TV',
      averageScore: 70,
      popularity: 72981,
      nextAiringEpisode: [Object],
      startDate: [Object],
      endDate: [Object],
      trailer: [Object]
    },
    {
      id: 174576,
      idMal: 58059,
      status: 'RELEASING',
      title: [Object],
      bannerImage: 'https://s4.anilist.co/file/anilistcdn/media/anime/banner/174576-6stJnscy5rCi.jpg',
      coverImage: [Object],
      episodes: 12,
      duration: 24,
      genres: [Array],
      description: "A hard-working boy named Will enters a magic academy in hopes of becoming a great sorcerer. Unfortunately, there's a fatal flaw in his plan: he lacks the ability to use magic. Amid the cold stares of his classmates and instructors, Will feels discouraged at times, but he presses forward with unwavering determination. He can't use a wand, but he can wield a sword in his battle to reach the top of a magic-dominated world. He just needs to believe in his own unique strengths and remember the promise he made with someone precious to him...\n" +
        '<br><br>\n' +
        '(Source: Crunchyroll)',
      format: 'TV',
      averageScore: 76,
      popularity: 54823,
      nextAiringEpisode: [Object],
      startDate: [Object],
      endDate: [Object],
      trailer: [Object]
    },
    {
      id: 163139,
      idMal: 54789,
      status: 'RELEASING',
      title: [Object],
      bannerImage: 'https://s4.anilist.co/file/anilistcdn/media/anime/banner/163139-I6UpRghBPVor.jpg',
      coverImage: [Object],
      episodes: 21,
      duration: 24,
      genres: [Array],
      description: 'The seventh season of <i>Boku no Hero Academia</i>.<br>\n' +
        '<br>\n' +
        'Following an all-out battle with the Paranormal Liberation Front, it is difficult for the people of Japan to continue placing faith in their heroes. To combat the combined power of Tomura Shigaraki and All For One, All Might calls for his ally from the West—the strongest woman on the planet, Star and Stripe.<br>\n' +
        '<br>\n' +
        'However, All For One decides to intercept Star and her fleet to get his hands on her overpowered quirk before she can enter Japanese airspace. Although Endeavor, Hawks, and Best Jeanist are headed to the rendezvous point, Star makes a gamble in the present to save her comrades.<br>\n' +
        '<br>\n' +
        '(Source: MAL Rewrite)<br>\n' +
        '<br>\n' +
        "<i>Note: The season was preceded by a 4-episode special titled 'Boku no Hero Academia: Memories' recapping events from the 6th season along with adding a few minutes of new material each episode.</i>",
      format: 'TV',
      averageScore: 78,
      popularity: 89123,
      nextAiringEpisode: [Object],
      startDate: [Object],
      endDate: [Object],
      trailer: [Object]
    },
    {
      id: 171457,
      idMal: 57524,
      status: 'RELEASING',
      title: [Object],
      bannerImage: 'https://s4.anilist.co/file/anilistcdn/media/anime/banner/171457-VBH6gmvCKHwV.jpg',
      coverImage: [Object],
      episodes: 12,
      duration: 24,
      genres: [Array],
      description: 'Kazuhiko Nukumizu is a high school boy content to blend in with the background mob, until he witnessed his more popular classmate Anna Yanami get dumped by her childhood friend. He felt like he had to try to comfort Yanami, but this led him to become entangled with other girls who have met defeat at love?',
      format: 'TV',
      averageScore: 81,
      popularity: 44935,
      nextAiringEpisode: [Object],
      startDate: [Object],
      endDate: [Object],
      trailer: [Object]
    },
    {
      id: 156822,
      idMal: 53580,
      status: 'RELEASING',
      title: [Object],
      bannerImage: 'https://s4.anilist.co/file/anilistcdn/media/anime/banner/156822-y0wPQIl3AHDA.jpg',
      coverImage: [Object],
      episodes: 24,
      duration: 24,
      genres: [Array],
      description: 'The third season of <i>Tensei Shitara Slime Datta Ken</i>.<br><br>\n' +
        "Rimuru has officially become a Demon Lord after defeating Clayman. Following Walpurgis, the Demon Lords' banquet, Rimuru's domain is expanded to include the entire Great Forest of Jura. Anticipating a flood of representatives from all races showing up to pay their respects, Rimuru decides to throw a festival to commemorate the opening of Tempest, using it as an opportunity to gain new citizens and present Demon Lord Rimuru to the world. Meanwhile, in the Holy Empire of Lubelius, home base of the monster-hating cult of Luminism, Holy Knight Captain Hinata receives a message from Rimuru. But the message is actually a fabricated declaration of war sent by some unknown party. Upon learning that Hinata is heading for Tempest, Rimuru makes a decision... Thus begins a new challenge for Rimuru, striving to distinguish friend from foe in his pursuit of the ideal nation where humans and monsters can prosper together. <br><br>\n" +
        '(Source: Crunchyroll)\n',
      format: 'TV',
      averageScore: 78,
      popularity: 99326,
      nextAiringEpisode: [Object],
      startDate: [Object],
      endDate: [Object],
      trailer: [Object]
    }
  ]
}
 GET /en 200 in 15843ms
{
  trendData: [
    {
      id: 163292,
      idMal: 54913,
      status: 'RELEASING',
      title: [Object],
      bannerImage: 'https://s4.anilist.co/file/anilistcdn/media/anime/banner/163292-XOC86gRVHGOo.jpg',
      coverImage: [Object],
      episodes: 12,
      duration: 24,
      genres: [Array],
      description: '<i>"Why should it matter how old you are if you want to start something new?"</i><br><br>\n' +
        '\n' +
        "The strongest guy around, who also happens to be middle-aged, strives to be an adventurer! Everyone seems to think you should pursue your dreams while you're still young, but there's one man who just can't give up. In a world where most people who become adventurers do so in their teens, a guild employee in his thirties, Rick Gladiator, seeks to become an adventurer instead. After receiving unimaginably brutal training from the legendary party renowned as the strongest on the continent, Orichalcum Fist, he ends up with combat abilities worthy of S-rank status despite starting out as an F-rank rookie! <br><br>\n" +
        '(Source: Crunchyroll)',
      format: 'TV',
      averageScore: 67,
      popularity: 28103,
      nextAiringEpisode: [Object],
      startDate: [Object],
      endDate: [Object],
      trailer: [Object]
    },
    {
      id: 145728,
      idMal: 51122,
      status: 'RELEASING',
      title: [Object],
      bannerImage: 'https://s4.anilist.co/file/anilistcdn/media/anime/banner/145728-v6NGBJOQs8Kh.jpg',
      coverImage: [Object],
      episodes: 25,
      duration: 24,
      genres: [Array],
      description: 'Lawrence is a traveling merchant selling various goods from a horse-drawn cart. One day, he arrives at a village and meets a beautiful girl with the ears and tail of an animal! Her name is Holo the Wisewolf and she brings bountiful harvests. She wishes to return to her homeland, and Lawrence offers to take her. Now, the once-lonely merchant and the once-lonely wisewolf begin their journey north.<br>\n' +
        '<br>\n' +
        '(Source: Crunchyroll)',
      format: 'TV',
      averageScore: 77,
      popularity: 61950,
      nextAiringEpisode: [Object],
      startDate: [Object],
      endDate: [Object],
      trailer: [Object]
    },
    {
      id: 153406,
      idMal: 52635,
      status: 'RELEASING',
      title: [Object],
      bannerImage: 'https://s4.anilist.co/file/anilistcdn/media/anime/banner/153406-wP0TEqBVxY0V.jpg',
      coverImage: [Object],
      episodes: null,
      duration: 24,
      genres: [Array],
      description: 'The second season of <i>Kami no Tou: Tower of God</i>.\n' +
        '<br><br>\n' +
        'Ja Wangnan can’t seem to pass the 20th Floor. Even after failing time and time again, he refuses to give up. On his journey, he meets a mysterious and powerful character named Viole. Wangnan invites Viole to join his team of Regulars. Their journey continues with new challenges at every turn.\n' +
        '<br><br>\n' +
        '(Source: Crunchyroll)',
      format: 'TV',
      averageScore: 70,
      popularity: 72981,
      nextAiringEpisode: [Object],
      startDate: [Object],
      endDate: [Object],
      trailer: [Object]
    },
    {
      id: 174576,
      idMal: 58059,
      status: 'RELEASING',
      title: [Object],
      bannerImage: 'https://s4.anilist.co/file/anilistcdn/media/anime/banner/174576-6stJnscy5rCi.jpg',
      coverImage: [Object],
      episodes: 12,
      duration: 24,
      genres: [Array],
      description: "A hard-working boy named Will enters a magic academy in hopes of becoming a great sorcerer. Unfortunately, there's a fatal flaw in his plan: he lacks the ability to use magic. Amid the cold stares of his classmates and instructors, Will feels discouraged at times, but he presses forward with unwavering determination. He can't use a wand, but he can wield a sword in his battle to reach the top of a magic-dominated world. He just needs to believe in his own unique strengths and remember the promise he made with someone precious to him...\n" +
        '<br><br>\n' +
        '(Source: Crunchyroll)',
      format: 'TV',
      averageScore: 76,
      popularity: 54823,
      nextAiringEpisode: [Object],
      startDate: [Object],
      endDate: [Object],
      trailer: [Object]
    },
    {
      id: 163139,
      idMal: 54789,
      status: 'RELEASING',
      title: [Object],
      bannerImage: 'https://s4.anilist.co/file/anilistcdn/media/anime/banner/163139-I6UpRghBPVor.jpg',
      coverImage: [Object],
      episodes: 21,
      duration: 24,
      genres: [Array],
      description: 'The seventh season of <i>Boku no Hero Academia</i>.<br>\n' +
        '<br>\n' +
        'Following an all-out battle with the Paranormal Liberation Front, it is difficult for the people of Japan to continue placing faith in their heroes. To combat the combined power of Tomura Shigaraki and All For One, All Might calls for his ally from the West—the strongest woman on the planet, Star and Stripe.<br>\n' +
        '<br>\n' +
        'However, All For One decides to intercept Star and her fleet to get his hands on her overpowered quirk before she can enter Japanese airspace. Although Endeavor, Hawks, and Best Jeanist are headed to the rendezvous point, Star makes a gamble in the present to save her comrades.<br>\n' +
        '<br>\n' +
        '(Source: MAL Rewrite)<br>\n' +
        '<br>\n' +
        "<i>Note: The season was preceded by a 4-episode special titled 'Boku no Hero Academia: Memories' recapping events from the 6th season along with adding a few minutes of new material each episode.</i>",
      format: 'TV',
      averageScore: 78,
      popularity: 89123,
      nextAiringEpisode: [Object],
      startDate: [Object],
      endDate: [Object],
      trailer: [Object]
    },
    {
      id: 171457,
      idMal: 57524,
      status: 'RELEASING',
      title: [Object],
      bannerImage: 'https://s4.anilist.co/file/anilistcdn/media/anime/banner/171457-VBH6gmvCKHwV.jpg',
      coverImage: [Object],
      episodes: 12,
      duration: 24,
      genres: [Array],
      description: 'Kazuhiko Nukumizu is a high school boy content to blend in with the background mob, until he witnessed his more popular classmate Anna Yanami get dumped by her childhood friend. He felt like he had to try to comfort Yanami, but this led him to become entangled with other girls who have met defeat at love?',
      format: 'TV',
      averageScore: 81,
      popularity: 44935,
      nextAiringEpisode: [Object],
      startDate: [Object],
      endDate: [Object],
      trailer: [Object]
    },
    {
      id: 156822,
      idMal: 53580,
      status: 'RELEASING',
      title: [Object],
      bannerImage: 'https://s4.anilist.co/file/anilistcdn/media/anime/banner/156822-y0wPQIl3AHDA.jpg',
      coverImage: [Object],
      episodes: 24,
      duration: 24,
      genres: [Array],
      description: 'The third season of <i>Tensei Shitara Slime Datta Ken</i>.<br><br>\n' +
        "Rimuru has officially become a Demon Lord after defeating Clayman. Following Walpurgis, the Demon Lords' banquet, Rimuru's domain is expanded to include the entire Great Forest of Jura. Anticipating a flood of representatives from all races showing up to pay their respects, Rimuru decides to throw a festival to commemorate the opening of Tempest, using it as an opportunity to gain new citizens and present Demon Lord Rimuru to the world. Meanwhile, in the Holy Empire of Lubelius, home base of the monster-hating cult of Luminism, Holy Knight Captain Hinata receives a message from Rimuru. But the message is actually a fabricated declaration of war sent by some unknown party. Upon learning that Hinata is heading for Tempest, Rimuru makes a decision... Thus begins a new challenge for Rimuru, striving to distinguish friend from foe in his pursuit of the ideal nation where humans and monsters can prosper together. <br><br>\n" +
        '(Source: Crunchyroll)\n',
      format: 'TV',
      averageScore: 78,
      popularity: 99326,
      nextAiringEpisode: [Object],
      startDate: [Object],
      endDate: [Object],
      trailer: [Object]
    }
  ]
}
 GET /en 200 in 1187ms
[?25h

> 1Anime@4.4.0 dev
> next dev

  ▲ Next.js 14.2.7
  - Local:        http://localhost:3000
  - Environments: .env

 ✓ Starting...
> [PWA] PWA support is disabled
> [PWA] PWA support is disabled
 ✓ Ready in 1970ms
 ○ Compiling /en ...

warn - The `purge`/`content` options have changed in Tailwind CSS v3.0.
warn - Update your configuration file to eliminate this warning.
warn - https://tailwindcss.com/docs/upgrade-guide#configure-content-sources
 ✓ Compiled /en in 4.3s (1010 modules)
{
  trendData: [
    {
      id: 163292,
      idMal: 54913,
      status: 'RELEASING',
      title: [Object],
      bannerImage: 'https://s4.anilist.co/file/anilistcdn/media/anime/banner/163292-XOC86gRVHGOo.jpg',
      coverImage: [Object],
      episodes: 12,
      duration: 24,
      genres: [Array],
      description: '<i>"Why should it matter how old you are if you want to start something new?"</i><br><br>\n' +
        '\n' +
        "The strongest guy around, who also happens to be middle-aged, strives to be an adventurer! Everyone seems to think you should pursue your dreams while you're still young, but there's one man who just can't give up. In a world where most people who become adventurers do so in their teens, a guild employee in his thirties, Rick Gladiator, seeks to become an adventurer instead. After receiving unimaginably brutal training from the legendary party renowned as the strongest on the continent, Orichalcum Fist, he ends up with combat abilities worthy of S-rank status despite starting out as an F-rank rookie! <br><br>\n" +
        '(Source: Crunchyroll)',
      format: 'TV',
      averageScore: 67,
      popularity: 28103,
      nextAiringEpisode: [Object],
      startDate: [Object],
      endDate: [Object],
      trailer: [Object]
    },
    {
      id: 145728,
      idMal: 51122,
      status: 'RELEASING',
      title: [Object],
      bannerImage: 'https://s4.anilist.co/file/anilistcdn/media/anime/banner/145728-v6NGBJOQs8Kh.jpg',
      coverImage: [Object],
      episodes: 25,
      duration: 24,
      genres: [Array],
      description: 'Lawrence is a traveling merchant selling various goods from a horse-drawn cart. One day, he arrives at a village and meets a beautiful girl with the ears and tail of an animal! Her name is Holo the Wisewolf and she brings bountiful harvests. She wishes to return to her homeland, and Lawrence offers to take her. Now, the once-lonely merchant and the once-lonely wisewolf begin their journey north.<br>\n' +
        '<br>\n' +
        '(Source: Crunchyroll)',
      format: 'TV',
      averageScore: 77,
      popularity: 61950,
      nextAiringEpisode: [Object],
      startDate: [Object],
      endDate: [Object],
      trailer: [Object]
    },
    {
      id: 153406,
      idMal: 52635,
      status: 'RELEASING',
      title: [Object],
      bannerImage: 'https://s4.anilist.co/file/anilistcdn/media/anime/banner/153406-wP0TEqBVxY0V.jpg',
      coverImage: [Object],
      episodes: null,
      duration: 24,
      genres: [Array],
      description: 'The second season of <i>Kami no Tou: Tower of God</i>.\n' +
        '<br><br>\n' +
        'Ja Wangnan can’t seem to pass the 20th Floor. Even after failing time and time again, he refuses to give up. On his journey, he meets a mysterious and powerful character named Viole. Wangnan invites Viole to join his team of Regulars. Their journey continues with new challenges at every turn.\n' +
        '<br><br>\n' +
        '(Source: Crunchyroll)',
      format: 'TV',
      averageScore: 70,
      popularity: 72981,
      nextAiringEpisode: [Object],
      startDate: [Object],
      endDate: [Object],
      trailer: [Object]
    },
    {
      id: 174576,
      idMal: 58059,
      status: 'RELEASING',
      title: [Object],
      bannerImage: 'https://s4.anilist.co/file/anilistcdn/media/anime/banner/174576-6stJnscy5rCi.jpg',
      coverImage: [Object],
      episodes: 12,
      duration: 24,
      genres: [Array],
      description: "A hard-working boy named Will enters a magic academy in hopes of becoming a great sorcerer. Unfortunately, there's a fatal flaw in his plan: he lacks the ability to use magic. Amid the cold stares of his classmates and instructors, Will feels discouraged at times, but he presses forward with unwavering determination. He can't use a wand, but he can wield a sword in his battle to reach the top of a magic-dominated world. He just needs to believe in his own unique strengths and remember the promise he made with someone precious to him...\n" +
        '<br><br>\n' +
        '(Source: Crunchyroll)',
      format: 'TV',
      averageScore: 76,
      popularity: 54823,
      nextAiringEpisode: [Object],
      startDate: [Object],
      endDate: [Object],
      trailer: [Object]
    },
    {
      id: 163139,
      idMal: 54789,
      status: 'RELEASING',
      title: [Object],
      bannerImage: 'https://s4.anilist.co/file/anilistcdn/media/anime/banner/163139-I6UpRghBPVor.jpg',
      coverImage: [Object],
      episodes: 21,
      duration: 24,
      genres: [Array],
      description: 'The seventh season of <i>Boku no Hero Academia</i>.<br>\n' +
        '<br>\n' +
        'Following an all-out battle with the Paranormal Liberation Front, it is difficult for the people of Japan to continue placing faith in their heroes. To combat the combined power of Tomura Shigaraki and All For One, All Might calls for his ally from the West—the strongest woman on the planet, Star and Stripe.<br>\n' +
        '<br>\n' +
        'However, All For One decides to intercept Star and her fleet to get his hands on her overpowered quirk before she can enter Japanese airspace. Although Endeavor, Hawks, and Best Jeanist are headed to the rendezvous point, Star makes a gamble in the present to save her comrades.<br>\n' +
        '<br>\n' +
        '(Source: MAL Rewrite)<br>\n' +
        '<br>\n' +
        "<i>Note: The season was preceded by a 4-episode special titled 'Boku no Hero Academia: Memories' recapping events from the 6th season along with adding a few minutes of new material each episode.</i>",
      format: 'TV',
      averageScore: 78,
      popularity: 89123,
      nextAiringEpisode: [Object],
      startDate: [Object],
      endDate: [Object],
      trailer: [Object]
    },
    {
      id: 171457,
      idMal: 57524,
      status: 'RELEASING',
      title: [Object],
      bannerImage: 'https://s4.anilist.co/file/anilistcdn/media/anime/banner/171457-VBH6gmvCKHwV.jpg',
      coverImage: [Object],
      episodes: 12,
      duration: 24,
      genres: [Array],
      description: 'Kazuhiko Nukumizu is a high school boy content to blend in with the background mob, until he witnessed his more popular classmate Anna Yanami get dumped by her childhood friend. He felt like he had to try to comfort Yanami, but this led him to become entangled with other girls who have met defeat at love?',
      format: 'TV',
      averageScore: 81,
      popularity: 44935,
      nextAiringEpisode: [Object],
      startDate: [Object],
      endDate: [Object],
      trailer: [Object]
    },
    {
      id: 156822,
      idMal: 53580,
      status: 'RELEASING',
      title: [Object],
      bannerImage: 'https://s4.anilist.co/file/anilistcdn/media/anime/banner/156822-y0wPQIl3AHDA.jpg',
      coverImage: [Object],
      episodes: 24,
      duration: 24,
      genres: [Array],
      description: 'The third season of <i>Tensei Shitara Slime Datta Ken</i>.<br><br>\n' +
        "Rimuru has officially become a Demon Lord after defeating Clayman. Following Walpurgis, the Demon Lords' banquet, Rimuru's domain is expanded to include the entire Great Forest of Jura. Anticipating a flood of representatives from all races showing up to pay their respects, Rimuru decides to throw a festival to commemorate the opening of Tempest, using it as an opportunity to gain new citizens and present Demon Lord Rimuru to the world. Meanwhile, in the Holy Empire of Lubelius, home base of the monster-hating cult of Luminism, Holy Knight Captain Hinata receives a message from Rimuru. But the message is actually a fabricated declaration of war sent by some unknown party. Upon learning that Hinata is heading for Tempest, Rimuru makes a decision... Thus begins a new challenge for Rimuru, striving to distinguish friend from foe in his pursuit of the ideal nation where humans and monsters can prosper together. <br><br>\n" +
        '(Source: Crunchyroll)\n',
      format: 'TV',
      averageScore: 78,
      popularity: 99326,
      nextAiringEpisode: [Object],
      startDate: [Object],
      endDate: [Object],
      trailer: [Object]
    }
  ]
}
 GET /en 200 in 6624ms
{
  trendData: [
    {
      id: 163292,
      idMal: 54913,
      status: 'RELEASING',
      title: [Object],
      bannerImage: 'https://s4.anilist.co/file/anilistcdn/media/anime/banner/163292-XOC86gRVHGOo.jpg',
      coverImage: [Object],
      episodes: 12,
      duration: 24,
      genres: [Array],
      description: '<i>"Why should it matter how old you are if you want to start something new?"</i><br><br>\n' +
        '\n' +
        "The strongest guy around, who also happens to be middle-aged, strives to be an adventurer! Everyone seems to think you should pursue your dreams while you're still young, but there's one man who just can't give up. In a world where most people who become adventurers do so in their teens, a guild employee in his thirties, Rick Gladiator, seeks to become an adventurer instead. After receiving unimaginably brutal training from the legendary party renowned as the strongest on the continent, Orichalcum Fist, he ends up with combat abilities worthy of S-rank status despite starting out as an F-rank rookie! <br><br>\n" +
        '(Source: Crunchyroll)',
      format: 'TV',
      averageScore: 67,
      popularity: 28103,
      nextAiringEpisode: [Object],
      startDate: [Object],
      endDate: [Object],
      trailer: [Object]
    },
    {
      id: 145728,
      idMal: 51122,
      status: 'RELEASING',
      title: [Object],
      bannerImage: 'https://s4.anilist.co/file/anilistcdn/media/anime/banner/145728-v6NGBJOQs8Kh.jpg',
      coverImage: [Object],
      episodes: 25,
      duration: 24,
      genres: [Array],
      description: 'Lawrence is a traveling merchant selling various goods from a horse-drawn cart. One day, he arrives at a village and meets a beautiful girl with the ears and tail of an animal! Her name is Holo the Wisewolf and she brings bountiful harvests. She wishes to return to her homeland, and Lawrence offers to take her. Now, the once-lonely merchant and the once-lonely wisewolf begin their journey north.<br>\n' +
        '<br>\n' +
        '(Source: Crunchyroll)',
      format: 'TV',
      averageScore: 77,
      popularity: 61950,
      nextAiringEpisode: [Object],
      startDate: [Object],
      endDate: [Object],
      trailer: [Object]
    },
    {
      id: 153406,
      idMal: 52635,
      status: 'RELEASING',
      title: [Object],
      bannerImage: 'https://s4.anilist.co/file/anilistcdn/media/anime/banner/153406-wP0TEqBVxY0V.jpg',
      coverImage: [Object],
      episodes: null,
      duration: 24,
      genres: [Array],
      description: 'The second season of <i>Kami no Tou: Tower of God</i>.\n' +
        '<br><br>\n' +
        'Ja Wangnan can’t seem to pass the 20th Floor. Even after failing time and time again, he refuses to give up. On his journey, he meets a mysterious and powerful character named Viole. Wangnan invites Viole to join his team of Regulars. Their journey continues with new challenges at every turn.\n' +
        '<br><br>\n' +
        '(Source: Crunchyroll)',
      format: 'TV',
      averageScore: 70,
      popularity: 72981,
      nextAiringEpisode: [Object],
      startDate: [Object],
      endDate: [Object],
      trailer: [Object]
    },
    {
      id: 174576,
      idMal: 58059,
      status: 'RELEASING',
      title: [Object],
      bannerImage: 'https://s4.anilist.co/file/anilistcdn/media/anime/banner/174576-6stJnscy5rCi.jpg',
      coverImage: [Object],
      episodes: 12,
      duration: 24,
      genres: [Array],
      description: "A hard-working boy named Will enters a magic academy in hopes of becoming a great sorcerer. Unfortunately, there's a fatal flaw in his plan: he lacks the ability to use magic. Amid the cold stares of his classmates and instructors, Will feels discouraged at times, but he presses forward with unwavering determination. He can't use a wand, but he can wield a sword in his battle to reach the top of a magic-dominated world. He just needs to believe in his own unique strengths and remember the promise he made with someone precious to him...\n" +
        '<br><br>\n' +
        '(Source: Crunchyroll)',
      format: 'TV',
      averageScore: 76,
      popularity: 54823,
      nextAiringEpisode: [Object],
      startDate: [Object],
      endDate: [Object],
      trailer: [Object]
    },
    {
      id: 163139,
      idMal: 54789,
      status: 'RELEASING',
      title: [Object],
      bannerImage: 'https://s4.anilist.co/file/anilistcdn/media/anime/banner/163139-I6UpRghBPVor.jpg',
      coverImage: [Object],
      episodes: 21,
      duration: 24,
      genres: [Array],
      description: 'The seventh season of <i>Boku no Hero Academia</i>.<br>\n' +
        '<br>\n' +
        'Following an all-out battle with the Paranormal Liberation Front, it is difficult for the people of Japan to continue placing faith in their heroes. To combat the combined power of Tomura Shigaraki and All For One, All Might calls for his ally from the West—the strongest woman on the planet, Star and Stripe.<br>\n' +
        '<br>\n' +
        'However, All For One decides to intercept Star and her fleet to get his hands on her overpowered quirk before she can enter Japanese airspace. Although Endeavor, Hawks, and Best Jeanist are headed to the rendezvous point, Star makes a gamble in the present to save her comrades.<br>\n' +
        '<br>\n' +
        '(Source: MAL Rewrite)<br>\n' +
        '<br>\n' +
        "<i>Note: The season was preceded by a 4-episode special titled 'Boku no Hero Academia: Memories' recapping events from the 6th season along with adding a few minutes of new material each episode.</i>",
      format: 'TV',
      averageScore: 78,
      popularity: 89123,
      nextAiringEpisode: [Object],
      startDate: [Object],
      endDate: [Object],
      trailer: [Object]
    },
    {
      id: 171457,
      idMal: 57524,
      status: 'RELEASING',
      title: [Object],
      bannerImage: 'https://s4.anilist.co/file/anilistcdn/media/anime/banner/171457-VBH6gmvCKHwV.jpg',
      coverImage: [Object],
      episodes: 12,
      duration: 24,
      genres: [Array],
      description: 'Kazuhiko Nukumizu is a high school boy content to blend in with the background mob, until he witnessed his more popular classmate Anna Yanami get dumped by her childhood friend. He felt like he had to try to comfort Yanami, but this led him to become entangled with other girls who have met defeat at love?',
      format: 'TV',
      averageScore: 81,
      popularity: 44935,
      nextAiringEpisode: [Object],
      startDate: [Object],
      endDate: [Object],
      trailer: [Object]
    },
    {
      id: 156822,
      idMal: 53580,
      status: 'RELEASING',
      title: [Object],
      bannerImage: 'https://s4.anilist.co/file/anilistcdn/media/anime/banner/156822-y0wPQIl3AHDA.jpg',
      coverImage: [Object],
      episodes: 24,
      duration: 24,
      genres: [Array],
      description: 'The third season of <i>Tensei Shitara Slime Datta Ken</i>.<br><br>\n' +
        "Rimuru has officially become a Demon Lord after defeating Clayman. Following Walpurgis, the Demon Lords' banquet, Rimuru's domain is expanded to include the entire Great Forest of Jura. Anticipating a flood of representatives from all races showing up to pay their respects, Rimuru decides to throw a festival to commemorate the opening of Tempest, using it as an opportunity to gain new citizens and present Demon Lord Rimuru to the world. Meanwhile, in the Holy Empire of Lubelius, home base of the monster-hating cult of Luminism, Holy Knight Captain Hinata receives a message from Rimuru. But the message is actually a fabricated declaration of war sent by some unknown party. Upon learning that Hinata is heading for Tempest, Rimuru makes a decision... Thus begins a new challenge for Rimuru, striving to distinguish friend from foe in his pursuit of the ideal nation where humans and monsters can prosper together. <br><br>\n" +
        '(Source: Crunchyroll)\n',
      format: 'TV',
      averageScore: 78,
      popularity: 99326,
      nextAiringEpisode: [Object],
      startDate: [Object],
      endDate: [Object],
      trailer: [Object]
    }
  ]
}
 GET /en 200 in 717ms
 ✓ Compiled /api/auth/[...nextauth] in 308ms (302 modules)
 ✓ Compiled (307 modules)
 GET /api/auth/session 200 in 535ms
 ✓ Compiled /api/user/profile in 94ms (312 modules)
 GET /api/v2/admin/broadcast 200 in 1588ms
 GET /api/v2/etc/recent/1 200 in 1587ms
 POST /api/user/profile 200 in 2319ms
 GET /api/user/profile?name=MatthewDoWatchAnime 304 in 1035ms
{
  trendData: [
    {
      id: 163292,
      idMal: 54913,
      status: 'RELEASING',
      title: [Object],
      bannerImage: 'https://s4.anilist.co/file/anilistcdn/media/anime/banner/163292-XOC86gRVHGOo.jpg',
      coverImage: [Object],
      episodes: 12,
      duration: 24,
      genres: [Array],
      description: '<i>"Why should it matter how old you are if you want to start something new?"</i><br><br>\n' +
        '\n' +
        "The strongest guy around, who also happens to be middle-aged, strives to be an adventurer! Everyone seems to think you should pursue your dreams while you're still young, but there's one man who just can't give up. In a world where most people who become adventurers do so in their teens, a guild employee in his thirties, Rick Gladiator, seeks to become an adventurer instead. After receiving unimaginably brutal training from the legendary party renowned as the strongest on the continent, Orichalcum Fist, he ends up with combat abilities worthy of S-rank status despite starting out as an F-rank rookie! <br><br>\n" +
        '(Source: Crunchyroll)',
      format: 'TV',
      averageScore: 67,
      popularity: 28103,
      nextAiringEpisode: [Object],
      startDate: [Object],
      endDate: [Object],
      trailer: [Object]
    },
    {
      id: 145728,
      idMal: 51122,
      status: 'RELEASING',
      title: [Object],
      bannerImage: 'https://s4.anilist.co/file/anilistcdn/media/anime/banner/145728-v6NGBJOQs8Kh.jpg',
      coverImage: [Object],
      episodes: 25,
      duration: 24,
      genres: [Array],
      description: 'Lawrence is a traveling merchant selling various goods from a horse-drawn cart. One day, he arrives at a village and meets a beautiful girl with the ears and tail of an animal! Her name is Holo the Wisewolf and she brings bountiful harvests. She wishes to return to her homeland, and Lawrence offers to take her. Now, the once-lonely merchant and the once-lonely wisewolf begin their journey north.<br>\n' +
        '<br>\n' +
        '(Source: Crunchyroll)',
      format: 'TV',
      averageScore: 77,
      popularity: 61950,
      nextAiringEpisode: [Object],
      startDate: [Object],
      endDate: [Object],
      trailer: [Object]
    },
    {
      id: 153406,
      idMal: 52635,
      status: 'RELEASING',
      title: [Object],
      bannerImage: 'https://s4.anilist.co/file/anilistcdn/media/anime/banner/153406-wP0TEqBVxY0V.jpg',
      coverImage: [Object],
      episodes: null,
      duration: 24,
      genres: [Array],
      description: 'The second season of <i>Kami no Tou: Tower of God</i>.\n' +
        '<br><br>\n' +
        'Ja Wangnan can’t seem to pass the 20th Floor. Even after failing time and time again, he refuses to give up. On his journey, he meets a mysterious and powerful character named Viole. Wangnan invites Viole to join his team of Regulars. Their journey continues with new challenges at every turn.\n' +
        '<br><br>\n' +
        '(Source: Crunchyroll)',
      format: 'TV',
      averageScore: 70,
      popularity: 72981,
      nextAiringEpisode: [Object],
      startDate: [Object],
      endDate: [Object],
      trailer: [Object]
    },
    {
      id: 174576,
      idMal: 58059,
      status: 'RELEASING',
      title: [Object],
      bannerImage: 'https://s4.anilist.co/file/anilistcdn/media/anime/banner/174576-6stJnscy5rCi.jpg',
      coverImage: [Object],
      episodes: 12,
      duration: 24,
      genres: [Array],
      description: "A hard-working boy named Will enters a magic academy in hopes of becoming a great sorcerer. Unfortunately, there's a fatal flaw in his plan: he lacks the ability to use magic. Amid the cold stares of his classmates and instructors, Will feels discouraged at times, but he presses forward with unwavering determination. He can't use a wand, but he can wield a sword in his battle to reach the top of a magic-dominated world. He just needs to believe in his own unique strengths and remember the promise he made with someone precious to him...\n" +
        '<br><br>\n' +
        '(Source: Crunchyroll)',
      format: 'TV',
      averageScore: 76,
      popularity: 54823,
      nextAiringEpisode: [Object],
      startDate: [Object],
      endDate: [Object],
      trailer: [Object]
    },
    {
      id: 163139,
      idMal: 54789,
      status: 'RELEASING',
      title: [Object],
      bannerImage: 'https://s4.anilist.co/file/anilistcdn/media/anime/banner/163139-I6UpRghBPVor.jpg',
      coverImage: [Object],
      episodes: 21,
      duration: 24,
      genres: [Array],
      description: 'The seventh season of <i>Boku no Hero Academia</i>.<br>\n' +
        '<br>\n' +
        'Following an all-out battle with the Paranormal Liberation Front, it is difficult for the people of Japan to continue placing faith in their heroes. To combat the combined power of Tomura Shigaraki and All For One, All Might calls for his ally from the West—the strongest woman on the planet, Star and Stripe.<br>\n' +
        '<br>\n' +
        'However, All For One decides to intercept Star and her fleet to get his hands on her overpowered quirk before she can enter Japanese airspace. Although Endeavor, Hawks, and Best Jeanist are headed to the rendezvous point, Star makes a gamble in the present to save her comrades.<br>\n' +
        '<br>\n' +
        '(Source: MAL Rewrite)<br>\n' +
        '<br>\n' +
        "<i>Note: The season was preceded by a 4-episode special titled 'Boku no Hero Academia: Memories' recapping events from the 6th season along with adding a few minutes of new material each episode.</i>",
      format: 'TV',
      averageScore: 78,
      popularity: 89123,
      nextAiringEpisode: [Object],
      startDate: [Object],
      endDate: [Object],
      trailer: [Object]
    },
    {
      id: 171457,
      idMal: 57524,
      status: 'RELEASING',
      title: [Object],
      bannerImage: 'https://s4.anilist.co/file/anilistcdn/media/anime/banner/171457-VBH6gmvCKHwV.jpg',
      coverImage: [Object],
      episodes: 12,
      duration: 24,
      genres: [Array],
      description: 'Kazuhiko Nukumizu is a high school boy content to blend in with the background mob, until he witnessed his more popular classmate Anna Yanami get dumped by her childhood friend. He felt like he had to try to comfort Yanami, but this led him to become entangled with other girls who have met defeat at love?',
      format: 'TV',
      averageScore: 81,
      popularity: 44935,
      nextAiringEpisode: [Object],
      startDate: [Object],
      endDate: [Object],
      trailer: [Object]
    },
    {
      id: 156822,
      idMal: 53580,
      status: 'RELEASING',
      title: [Object],
      bannerImage: 'https://s4.anilist.co/file/anilistcdn/media/anime/banner/156822-y0wPQIl3AHDA.jpg',
      coverImage: [Object],
      episodes: 24,
      duration: 24,
      genres: [Array],
      description: 'The third season of <i>Tensei Shitara Slime Datta Ken</i>.<br><br>\n' +
        "Rimuru has officially become a Demon Lord after defeating Clayman. Following Walpurgis, the Demon Lords' banquet, Rimuru's domain is expanded to include the entire Great Forest of Jura. Anticipating a flood of representatives from all races showing up to pay their respects, Rimuru decides to throw a festival to commemorate the opening of Tempest, using it as an opportunity to gain new citizens and present Demon Lord Rimuru to the world. Meanwhile, in the Holy Empire of Lubelius, home base of the monster-hating cult of Luminism, Holy Knight Captain Hinata receives a message from Rimuru. But the message is actually a fabricated declaration of war sent by some unknown party. Upon learning that Hinata is heading for Tempest, Rimuru makes a decision... Thus begins a new challenge for Rimuru, striving to distinguish friend from foe in his pursuit of the ideal nation where humans and monsters can prosper together. <br><br>\n" +
        '(Source: Crunchyroll)\n',
      format: 'TV',
      averageScore: 78,
      popularity: 99326,
      nextAiringEpisode: [Object],
      startDate: [Object],
      endDate: [Object],
      trailer: [Object]
    }
  ]
}
 GET /en 200 in 2548ms
 GET /api/auth/session 200 in 12ms
 POST /api/user/profile 200 in 263ms
 GET /api/v2/etc/recent/1 304 in 1013ms
 GET /api/v2/admin/broadcast 304 in 1012ms
 GET /api/user/profile?name=MatthewDoWatchAnime 304 in 519ms
{
  trendData: [
    {
      id: 163292,
      idMal: 54913,
      status: 'RELEASING',
      title: [Object],
      bannerImage: 'https://s4.anilist.co/file/anilistcdn/media/anime/banner/163292-XOC86gRVHGOo.jpg',
      coverImage: [Object],
      episodes: 12,
      duration: 24,
      genres: [Array],
      description: '<i>"Why should it matter how old you are if you want to start something new?"</i><br><br>\n' +
        '\n' +
        "The strongest guy around, who also happens to be middle-aged, strives to be an adventurer! Everyone seems to think you should pursue your dreams while you're still young, but there's one man who just can't give up. In a world where most people who become adventurers do so in their teens, a guild employee in his thirties, Rick Gladiator, seeks to become an adventurer instead. After receiving unimaginably brutal training from the legendary party renowned as the strongest on the continent, Orichalcum Fist, he ends up with combat abilities worthy of S-rank status despite starting out as an F-rank rookie! <br><br>\n" +
        '(Source: Crunchyroll)',
      format: 'TV',
      averageScore: 67,
      popularity: 28103,
      nextAiringEpisode: [Object],
      startDate: [Object],
      endDate: [Object],
      trailer: [Object]
    },
    {
      id: 145728,
      idMal: 51122,
      status: 'RELEASING',
      title: [Object],
      bannerImage: 'https://s4.anilist.co/file/anilistcdn/media/anime/banner/145728-v6NGBJOQs8Kh.jpg',
      coverImage: [Object],
      episodes: 25,
      duration: 24,
      genres: [Array],
      description: 'Lawrence is a traveling merchant selling various goods from a horse-drawn cart. One day, he arrives at a village and meets a beautiful girl with the ears and tail of an animal! Her name is Holo the Wisewolf and she brings bountiful harvests. She wishes to return to her homeland, and Lawrence offers to take her. Now, the once-lonely merchant and the once-lonely wisewolf begin their journey north.<br>\n' +
        '<br>\n' +
        '(Source: Crunchyroll)',
      format: 'TV',
      averageScore: 77,
      popularity: 61950,
      nextAiringEpisode: [Object],
      startDate: [Object],
      endDate: [Object],
      trailer: [Object]
    },
    {
      id: 153406,
      idMal: 52635,
      status: 'RELEASING',
      title: [Object],
      bannerImage: 'https://s4.anilist.co/file/anilistcdn/media/anime/banner/153406-wP0TEqBVxY0V.jpg',
      coverImage: [Object],
      episodes: null,
      duration: 24,
      genres: [Array],
      description: 'The second season of <i>Kami no Tou: Tower of God</i>.\n' +
        '<br><br>\n' +
        'Ja Wangnan can’t seem to pass the 20th Floor. Even after failing time and time again, he refuses to give up. On his journey, he meets a mysterious and powerful character named Viole. Wangnan invites Viole to join his team of Regulars. Their journey continues with new challenges at every turn.\n' +
        '<br><br>\n' +
        '(Source: Crunchyroll)',
      format: 'TV',
      averageScore: 70,
      popularity: 72981,
      nextAiringEpisode: [Object],
      startDate: [Object],
      endDate: [Object],
      trailer: [Object]
    },
    {
      id: 174576,
      idMal: 58059,
      status: 'RELEASING',
      title: [Object],
      bannerImage: 'https://s4.anilist.co/file/anilistcdn/media/anime/banner/174576-6stJnscy5rCi.jpg',
      coverImage: [Object],
      episodes: 12,
      duration: 24,
      genres: [Array],
      description: "A hard-working boy named Will enters a magic academy in hopes of becoming a great sorcerer. Unfortunately, there's a fatal flaw in his plan: he lacks the ability to use magic. Amid the cold stares of his classmates and instructors, Will feels discouraged at times, but he presses forward with unwavering determination. He can't use a wand, but he can wield a sword in his battle to reach the top of a magic-dominated world. He just needs to believe in his own unique strengths and remember the promise he made with someone precious to him...\n" +
        '<br><br>\n' +
        '(Source: Crunchyroll)',
      format: 'TV',
      averageScore: 76,
      popularity: 54823,
      nextAiringEpisode: [Object],
      startDate: [Object],
      endDate: [Object],
      trailer: [Object]
    },
    {
      id: 163139,
      idMal: 54789,
      status: 'RELEASING',
      title: [Object],
      bannerImage: 'https://s4.anilist.co/file/anilistcdn/media/anime/banner/163139-I6UpRghBPVor.jpg',
      coverImage: [Object],
      episodes: 21,
      duration: 24,
      genres: [Array],
      description: 'The seventh season of <i>Boku no Hero Academia</i>.<br>\n' +
        '<br>\n' +
        'Following an all-out battle with the Paranormal Liberation Front, it is difficult for the people of Japan to continue placing faith in their heroes. To combat the combined power of Tomura Shigaraki and All For One, All Might calls for his ally from the West—the strongest woman on the planet, Star and Stripe.<br>\n' +
        '<br>\n' +
        'However, All For One decides to intercept Star and her fleet to get his hands on her overpowered quirk before she can enter Japanese airspace. Although Endeavor, Hawks, and Best Jeanist are headed to the rendezvous point, Star makes a gamble in the present to save her comrades.<br>\n' +
        '<br>\n' +
        '(Source: MAL Rewrite)<br>\n' +
        '<br>\n' +
        "<i>Note: The season was preceded by a 4-episode special titled 'Boku no Hero Academia: Memories' recapping events from the 6th season along with adding a few minutes of new material each episode.</i>",
      format: 'TV',
      averageScore: 78,
      popularity: 89123,
      nextAiringEpisode: [Object],
      startDate: [Object],
      endDate: [Object],
      trailer: [Object]
    },
    {
      id: 171457,
      idMal: 57524,
      status: 'RELEASING',
      title: [Object],
      bannerImage: 'https://s4.anilist.co/file/anilistcdn/media/anime/banner/171457-VBH6gmvCKHwV.jpg',
      coverImage: [Object],
      episodes: 12,
      duration: 24,
      genres: [Array],
      description: 'Kazuhiko Nukumizu is a high school boy content to blend in with the background mob, until he witnessed his more popular classmate Anna Yanami get dumped by her childhood friend. He felt like he had to try to comfort Yanami, but this led him to become entangled with other girls who have met defeat at love?',
      format: 'TV',
      averageScore: 81,
      popularity: 44935,
      nextAiringEpisode: [Object],
      startDate: [Object],
      endDate: [Object],
      trailer: [Object]
    },
    {
      id: 156822,
      idMal: 53580,
      status: 'RELEASING',
      title: [Object],
      bannerImage: 'https://s4.anilist.co/file/anilistcdn/media/anime/banner/156822-y0wPQIl3AHDA.jpg',
      coverImage: [Object],
      episodes: 24,
      duration: 24,
      genres: [Array],
      description: 'The third season of <i>Tensei Shitara Slime Datta Ken</i>.<br><br>\n' +
        "Rimuru has officially become a Demon Lord after defeating Clayman. Following Walpurgis, the Demon Lords' banquet, Rimuru's domain is expanded to include the entire Great Forest of Jura. Anticipating a flood of representatives from all races showing up to pay their respects, Rimuru decides to throw a festival to commemorate the opening of Tempest, using it as an opportunity to gain new citizens and present Demon Lord Rimuru to the world. Meanwhile, in the Holy Empire of Lubelius, home base of the monster-hating cult of Luminism, Holy Knight Captain Hinata receives a message from Rimuru. But the message is actually a fabricated declaration of war sent by some unknown party. Upon learning that Hinata is heading for Tempest, Rimuru makes a decision... Thus begins a new challenge for Rimuru, striving to distinguish friend from foe in his pursuit of the ideal nation where humans and monsters can prosper together. <br><br>\n" +
        '(Source: Crunchyroll)\n',
      format: 'TV',
      averageScore: 78,
      popularity: 99326,
      nextAiringEpisode: [Object],
      startDate: [Object],
      endDate: [Object],
      trailer: [Object]
    }
  ]
}
 GET /en 200 in 1262ms
 GET /api/auth/session 200 in 12ms
 GET /api/v2/admin/broadcast 304 in 264ms
 GET /api/v2/etc/recent/1 304 in 510ms
 POST /api/user/profile 200 in 523ms
 GET /api/user/profile?name=MatthewDoWatchAnime 304 in 519ms
 GET /api/auth/session 200 in 10ms
{
  trendData: [
    {
      id: 163292,
      idMal: 54913,
      status: 'RELEASING',
      title: [Object],
      bannerImage: 'https://s4.anilist.co/file/anilistcdn/media/anime/banner/163292-XOC86gRVHGOo.jpg',
      coverImage: [Object],
      episodes: 12,
      duration: 24,
      genres: [Array],
      description: '<i>"Why should it matter how old you are if you want to start something new?"</i><br><br>\n' +
        '\n' +
        "The strongest guy around, who also happens to be middle-aged, strives to be an adventurer! Everyone seems to think you should pursue your dreams while you're still young, but there's one man who just can't give up. In a world where most people who become adventurers do so in their teens, a guild employee in his thirties, Rick Gladiator, seeks to become an adventurer instead. After receiving unimaginably brutal training from the legendary party renowned as the strongest on the continent, Orichalcum Fist, he ends up with combat abilities worthy of S-rank status despite starting out as an F-rank rookie! <br><br>\n" +
        '(Source: Crunchyroll)',
      format: 'TV',
      averageScore: 67,
      popularity: 28103,
      nextAiringEpisode: [Object],
      startDate: [Object],
      endDate: [Object],
      trailer: [Object]
    },
    {
      id: 145728,
      idMal: 51122,
      status: 'RELEASING',
      title: [Object],
      bannerImage: 'https://s4.anilist.co/file/anilistcdn/media/anime/banner/145728-v6NGBJOQs8Kh.jpg',
      coverImage: [Object],
      episodes: 25,
      duration: 24,
      genres: [Array],
      description: 'Lawrence is a traveling merchant selling various goods from a horse-drawn cart. One day, he arrives at a village and meets a beautiful girl with the ears and tail of an animal! Her name is Holo the Wisewolf and she brings bountiful harvests. She wishes to return to her homeland, and Lawrence offers to take her. Now, the once-lonely merchant and the once-lonely wisewolf begin their journey north.<br>\n' +
        '<br>\n' +
        '(Source: Crunchyroll)',
      format: 'TV',
      averageScore: 77,
      popularity: 61950,
      nextAiringEpisode: [Object],
      startDate: [Object],
      endDate: [Object],
      trailer: [Object]
    },
    {
      id: 153406,
      idMal: 52635,
      status: 'RELEASING',
      title: [Object],
      bannerImage: 'https://s4.anilist.co/file/anilistcdn/media/anime/banner/153406-wP0TEqBVxY0V.jpg',
      coverImage: [Object],
      episodes: null,
      duration: 24,
      genres: [Array],
      description: 'The second season of <i>Kami no Tou: Tower of God</i>.\n' +
        '<br><br>\n' +
        'Ja Wangnan can’t seem to pass the 20th Floor. Even after failing time and time again, he refuses to give up. On his journey, he meets a mysterious and powerful character named Viole. Wangnan invites Viole to join his team of Regulars. Their journey continues with new challenges at every turn.\n' +
        '<br><br>\n' +
        '(Source: Crunchyroll)',
      format: 'TV',
      averageScore: 70,
      popularity: 72981,
      nextAiringEpisode: [Object],
      startDate: [Object],
      endDate: [Object],
      trailer: [Object]
    },
    {
      id: 174576,
      idMal: 58059,
      status: 'RELEASING',
      title: [Object],
      bannerImage: 'https://s4.anilist.co/file/anilistcdn/media/anime/banner/174576-6stJnscy5rCi.jpg',
      coverImage: [Object],
      episodes: 12,
      duration: 24,
      genres: [Array],
      description: "A hard-working boy named Will enters a magic academy in hopes of becoming a great sorcerer. Unfortunately, there's a fatal flaw in his plan: he lacks the ability to use magic. Amid the cold stares of his classmates and instructors, Will feels discouraged at times, but he presses forward with unwavering determination. He can't use a wand, but he can wield a sword in his battle to reach the top of a magic-dominated world. He just needs to believe in his own unique strengths and remember the promise he made with someone precious to him...\n" +
        '<br><br>\n' +
        '(Source: Crunchyroll)',
      format: 'TV',
      averageScore: 76,
      popularity: 54823,
      nextAiringEpisode: [Object],
      startDate: [Object],
      endDate: [Object],
      trailer: [Object]
    },
    {
      id: 163139,
      idMal: 54789,
      status: 'RELEASING',
      title: [Object],
      bannerImage: 'https://s4.anilist.co/file/anilistcdn/media/anime/banner/163139-I6UpRghBPVor.jpg',
      coverImage: [Object],
      episodes: 21,
      duration: 24,
      genres: [Array],
      description: 'The seventh season of <i>Boku no Hero Academia</i>.<br>\n' +
        '<br>\n' +
        'Following an all-out battle with the Paranormal Liberation Front, it is difficult for the people of Japan to continue placing faith in their heroes. To combat the combined power of Tomura Shigaraki and All For One, All Might calls for his ally from the West—the strongest woman on the planet, Star and Stripe.<br>\n' +
        '<br>\n' +
        'However, All For One decides to intercept Star and her fleet to get his hands on her overpowered quirk before she can enter Japanese airspace. Although Endeavor, Hawks, and Best Jeanist are headed to the rendezvous point, Star makes a gamble in the present to save her comrades.<br>\n' +
        '<br>\n' +
        '(Source: MAL Rewrite)<br>\n' +
        '<br>\n' +
        "<i>Note: The season was preceded by a 4-episode special titled 'Boku no Hero Academia: Memories' recapping events from the 6th season along with adding a few minutes of new material each episode.</i>",
      format: 'TV',
      averageScore: 78,
      popularity: 89123,
      nextAiringEpisode: [Object],
      startDate: [Object],
      endDate: [Object],
      trailer: [Object]
    },
    {
      id: 171457,
      idMal: 57524,
      status: 'RELEASING',
      title: [Object],
      bannerImage: 'https://s4.anilist.co/file/anilistcdn/media/anime/banner/171457-VBH6gmvCKHwV.jpg',
      coverImage: [Object],
      episodes: 12,
      duration: 24,
      genres: [Array],
      description: 'Kazuhiko Nukumizu is a high school boy content to blend in with the background mob, until he witnessed his more popular classmate Anna Yanami get dumped by her childhood friend. He felt like he had to try to comfort Yanami, but this led him to become entangled with other girls who have met defeat at love?',
      format: 'TV',
      averageScore: 81,
      popularity: 44935,
      nextAiringEpisode: [Object],
      startDate: [Object],
      endDate: [Object],
      trailer: [Object]
    },
    {
      id: 156822,
      idMal: 53580,
      status: 'RELEASING',
      title: [Object],
      bannerImage: 'https://s4.anilist.co/file/anilistcdn/media/anime/banner/156822-y0wPQIl3AHDA.jpg',
      coverImage: [Object],
      episodes: 24,
      duration: 24,
      genres: [Array],
      description: 'The third season of <i>Tensei Shitara Slime Datta Ken</i>.<br><br>\n' +
        "Rimuru has officially become a Demon Lord after defeating Clayman. Following Walpurgis, the Demon Lords' banquet, Rimuru's domain is expanded to include the entire Great Forest of Jura. Anticipating a flood of representatives from all races showing up to pay their respects, Rimuru decides to throw a festival to commemorate the opening of Tempest, using it as an opportunity to gain new citizens and present Demon Lord Rimuru to the world. Meanwhile, in the Holy Empire of Lubelius, home base of the monster-hating cult of Luminism, Holy Knight Captain Hinata receives a message from Rimuru. But the message is actually a fabricated declaration of war sent by some unknown party. Upon learning that Hinata is heading for Tempest, Rimuru makes a decision... Thus begins a new challenge for Rimuru, striving to distinguish friend from foe in his pursuit of the ideal nation where humans and monsters can prosper together. <br><br>\n" +
        '(Source: Crunchyroll)\n',
      format: 'TV',
      averageScore: 78,
      popularity: 99326,
      nextAiringEpisode: [Object],
      startDate: [Object],
      endDate: [Object],
      trailer: [Object]
    }
  ]
}
 GET /en 200 in 1394ms
 GET /api/auth/session 200 in 6ms
 GET /api/v2/etc/recent/1 304 in 254ms
 GET /api/v2/admin/broadcast 304 in 376ms
 POST /api/user/profile 200 in 522ms
 GET /api/user/profile?name=MatthewDoWatchAnime 304 in 519ms
 GET /api/auth/session 200 in 5ms
{
  trendData: [
    {
      id: 163292,
      idMal: 54913,
      status: 'RELEASING',
      title: [Object],
      bannerImage: 'https://s4.anilist.co/file/anilistcdn/media/anime/banner/163292-XOC86gRVHGOo.jpg',
      coverImage: [Object],
      episodes: 12,
      duration: 24,
      genres: [Array],
      description: '<i>"Why should it matter how old you are if you want to start something new?"</i><br><br>\n' +
        '\n' +
        "The strongest guy around, who also happens to be middle-aged, strives to be an adventurer! Everyone seems to think you should pursue your dreams while you're still young, but there's one man who just can't give up. In a world where most people who become adventurers do so in their teens, a guild employee in his thirties, Rick Gladiator, seeks to become an adventurer instead. After receiving unimaginably brutal training from the legendary party renowned as the strongest on the continent, Orichalcum Fist, he ends up with combat abilities worthy of S-rank status despite starting out as an F-rank rookie! <br><br>\n" +
        '(Source: Crunchyroll)',
      format: 'TV',
      averageScore: 67,
      popularity: 28103,
      nextAiringEpisode: [Object],
      startDate: [Object],
      endDate: [Object],
      trailer: [Object]
    },
    {
      id: 145728,
      idMal: 51122,
      status: 'RELEASING',
      title: [Object],
      bannerImage: 'https://s4.anilist.co/file/anilistcdn/media/anime/banner/145728-v6NGBJOQs8Kh.jpg',
      coverImage: [Object],
      episodes: 25,
      duration: 24,
      genres: [Array],
      description: 'Lawrence is a traveling merchant selling various goods from a horse-drawn cart. One day, he arrives at a village and meets a beautiful girl with the ears and tail of an animal! Her name is Holo the Wisewolf and she brings bountiful harvests. She wishes to return to her homeland, and Lawrence offers to take her. Now, the once-lonely merchant and the once-lonely wisewolf begin their journey north.<br>\n' +
        '<br>\n' +
        '(Source: Crunchyroll)',
      format: 'TV',
      averageScore: 77,
      popularity: 61950,
      nextAiringEpisode: [Object],
      startDate: [Object],
      endDate: [Object],
      trailer: [Object]
    },
    {
      id: 153406,
      idMal: 52635,
      status: 'RELEASING',
      title: [Object],
      bannerImage: 'https://s4.anilist.co/file/anilistcdn/media/anime/banner/153406-wP0TEqBVxY0V.jpg',
      coverImage: [Object],
      episodes: null,
      duration: 24,
      genres: [Array],
      description: 'The second season of <i>Kami no Tou: Tower of God</i>.\n' +
        '<br><br>\n' +
        'Ja Wangnan can’t seem to pass the 20th Floor. Even after failing time and time again, he refuses to give up. On his journey, he meets a mysterious and powerful character named Viole. Wangnan invites Viole to join his team of Regulars. Their journey continues with new challenges at every turn.\n' +
        '<br><br>\n' +
        '(Source: Crunchyroll)',
      format: 'TV',
      averageScore: 70,
      popularity: 72981,
      nextAiringEpisode: [Object],
      startDate: [Object],
      endDate: [Object],
      trailer: [Object]
    },
    {
      id: 174576,
      idMal: 58059,
      status: 'RELEASING',
      title: [Object],
      bannerImage: 'https://s4.anilist.co/file/anilistcdn/media/anime/banner/174576-6stJnscy5rCi.jpg',
      coverImage: [Object],
      episodes: 12,
      duration: 24,
      genres: [Array],
      description: "A hard-working boy named Will enters a magic academy in hopes of becoming a great sorcerer. Unfortunately, there's a fatal flaw in his plan: he lacks the ability to use magic. Amid the cold stares of his classmates and instructors, Will feels discouraged at times, but he presses forward with unwavering determination. He can't use a wand, but he can wield a sword in his battle to reach the top of a magic-dominated world. He just needs to believe in his own unique strengths and remember the promise he made with someone precious to him...\n" +
        '<br><br>\n' +
        '(Source: Crunchyroll)',
      format: 'TV',
      averageScore: 76,
      popularity: 54823,
      nextAiringEpisode: [Object],
      startDate: [Object],
      endDate: [Object],
      trailer: [Object]
    },
    {
      id: 163139,
      idMal: 54789,
      status: 'RELEASING',
      title: [Object],
      bannerImage: 'https://s4.anilist.co/file/anilistcdn/media/anime/banner/163139-I6UpRghBPVor.jpg',
      coverImage: [Object],
      episodes: 21,
      duration: 24,
      genres: [Array],
      description: 'The seventh season of <i>Boku no Hero Academia</i>.<br>\n' +
        '<br>\n' +
        'Following an all-out battle with the Paranormal Liberation Front, it is difficult for the people of Japan to continue placing faith in their heroes. To combat the combined power of Tomura Shigaraki and All For One, All Might calls for his ally from the West—the strongest woman on the planet, Star and Stripe.<br>\n' +
        '<br>\n' +
        'However, All For One decides to intercept Star and her fleet to get his hands on her overpowered quirk before she can enter Japanese airspace. Although Endeavor, Hawks, and Best Jeanist are headed to the rendezvous point, Star makes a gamble in the present to save her comrades.<br>\n' +
        '<br>\n' +
        '(Source: MAL Rewrite)<br>\n' +
        '<br>\n' +
        "<i>Note: The season was preceded by a 4-episode special titled 'Boku no Hero Academia: Memories' recapping events from the 6th season along with adding a few minutes of new material each episode.</i>",
      format: 'TV',
      averageScore: 78,
      popularity: 89123,
      nextAiringEpisode: [Object],
      startDate: [Object],
      endDate: [Object],
      trailer: [Object]
    },
    {
      id: 171457,
      idMal: 57524,
      status: 'RELEASING',
      title: [Object],
      bannerImage: 'https://s4.anilist.co/file/anilistcdn/media/anime/banner/171457-VBH6gmvCKHwV.jpg',
      coverImage: [Object],
      episodes: 12,
      duration: 24,
      genres: [Array],
      description: 'Kazuhiko Nukumizu is a high school boy content to blend in with the background mob, until he witnessed his more popular classmate Anna Yanami get dumped by her childhood friend. He felt like he had to try to comfort Yanami, but this led him to become entangled with other girls who have met defeat at love?',
      format: 'TV',
      averageScore: 81,
      popularity: 44935,
      nextAiringEpisode: [Object],
      startDate: [Object],
      endDate: [Object],
      trailer: [Object]
    },
    {
      id: 156822,
      idMal: 53580,
      status: 'RELEASING',
      title: [Object],
      bannerImage: 'https://s4.anilist.co/file/anilistcdn/media/anime/banner/156822-y0wPQIl3AHDA.jpg',
      coverImage: [Object],
      episodes: 24,
      duration: 24,
      genres: [Array],
      description: 'The third season of <i>Tensei Shitara Slime Datta Ken</i>.<br><br>\n' +
        "Rimuru has officially become a Demon Lord after defeating Clayman. Following Walpurgis, the Demon Lords' banquet, Rimuru's domain is expanded to include the entire Great Forest of Jura. Anticipating a flood of representatives from all races showing up to pay their respects, Rimuru decides to throw a festival to commemorate the opening of Tempest, using it as an opportunity to gain new citizens and present Demon Lord Rimuru to the world. Meanwhile, in the Holy Empire of Lubelius, home base of the monster-hating cult of Luminism, Holy Knight Captain Hinata receives a message from Rimuru. But the message is actually a fabricated declaration of war sent by some unknown party. Upon learning that Hinata is heading for Tempest, Rimuru makes a decision... Thus begins a new challenge for Rimuru, striving to distinguish friend from foe in his pursuit of the ideal nation where humans and monsters can prosper together. <br><br>\n" +
        '(Source: Crunchyroll)\n',
      format: 'TV',
      averageScore: 78,
      popularity: 99326,
      nextAiringEpisode: [Object],
      startDate: [Object],
      endDate: [Object],
      trailer: [Object]
    }
  ]
}
 GET /en 200 in 1485ms
{
  trendData: [
    {
      id: 163292,
      idMal: 54913,
      status: 'RELEASING',
      title: [Object],
      bannerImage: 'https://s4.anilist.co/file/anilistcdn/media/anime/banner/163292-XOC86gRVHGOo.jpg',
      coverImage: [Object],
      episodes: 12,
      duration: 24,
      genres: [Array],
      description: '<i>"Why should it matter how old you are if you want to start something new?"</i><br><br>\n' +
        '\n' +
        "The strongest guy around, who also happens to be middle-aged, strives to be an adventurer! Everyone seems to think you should pursue your dreams while you're still young, but there's one man who just can't give up. In a world where most people who become adventurers do so in their teens, a guild employee in his thirties, Rick Gladiator, seeks to become an adventurer instead. After receiving unimaginably brutal training from the legendary party renowned as the strongest on the continent, Orichalcum Fist, he ends up with combat abilities worthy of S-rank status despite starting out as an F-rank rookie! <br><br>\n" +
        '(Source: Crunchyroll)',
      format: 'TV',
      averageScore: 67,
      popularity: 28103,
      nextAiringEpisode: [Object],
      startDate: [Object],
      endDate: [Object],
      trailer: [Object]
    },
    {
      id: 145728,
      idMal: 51122,
      status: 'RELEASING',
      title: [Object],
      bannerImage: 'https://s4.anilist.co/file/anilistcdn/media/anime/banner/145728-v6NGBJOQs8Kh.jpg',
      coverImage: [Object],
      episodes: 25,
      duration: 24,
      genres: [Array],
      description: 'Lawrence is a traveling merchant selling various goods from a horse-drawn cart. One day, he arrives at a village and meets a beautiful girl with the ears and tail of an animal! Her name is Holo the Wisewolf and she brings bountiful harvests. She wishes to return to her homeland, and Lawrence offers to take her. Now, the once-lonely merchant and the once-lonely wisewolf begin their journey north.<br>\n' +
        '<br>\n' +
        '(Source: Crunchyroll)',
      format: 'TV',
      averageScore: 77,
      popularity: 61950,
      nextAiringEpisode: [Object],
      startDate: [Object],
      endDate: [Object],
      trailer: [Object]
    },
    {
      id: 153406,
      idMal: 52635,
      status: 'RELEASING',
      title: [Object],
      bannerImage: 'https://s4.anilist.co/file/anilistcdn/media/anime/banner/153406-wP0TEqBVxY0V.jpg',
      coverImage: [Object],
      episodes: null,
      duration: 24,
      genres: [Array],
      description: 'The second season of <i>Kami no Tou: Tower of God</i>.\n' +
        '<br><br>\n' +
        'Ja Wangnan can’t seem to pass the 20th Floor. Even after failing time and time again, he refuses to give up. On his journey, he meets a mysterious and powerful character named Viole. Wangnan invites Viole to join his team of Regulars. Their journey continues with new challenges at every turn.\n' +
        '<br><br>\n' +
        '(Source: Crunchyroll)',
      format: 'TV',
      averageScore: 70,
      popularity: 72981,
      nextAiringEpisode: [Object],
      startDate: [Object],
      endDate: [Object],
      trailer: [Object]
    },
    {
      id: 174576,
      idMal: 58059,
      status: 'RELEASING',
      title: [Object],
      bannerImage: 'https://s4.anilist.co/file/anilistcdn/media/anime/banner/174576-6stJnscy5rCi.jpg',
      coverImage: [Object],
      episodes: 12,
      duration: 24,
      genres: [Array],
      description: "A hard-working boy named Will enters a magic academy in hopes of becoming a great sorcerer. Unfortunately, there's a fatal flaw in his plan: he lacks the ability to use magic. Amid the cold stares of his classmates and instructors, Will feels discouraged at times, but he presses forward with unwavering determination. He can't use a wand, but he can wield a sword in his battle to reach the top of a magic-dominated world. He just needs to believe in his own unique strengths and remember the promise he made with someone precious to him...\n" +
        '<br><br>\n' +
        '(Source: Crunchyroll)',
      format: 'TV',
      averageScore: 76,
      popularity: 54823,
      nextAiringEpisode: [Object],
      startDate: [Object],
      endDate: [Object],
      trailer: [Object]
    },
    {
      id: 163139,
      idMal: 54789,
      status: 'RELEASING',
      title: [Object],
      bannerImage: 'https://s4.anilist.co/file/anilistcdn/media/anime/banner/163139-I6UpRghBPVor.jpg',
      coverImage: [Object],
      episodes: 21,
      duration: 24,
      genres: [Array],
      description: 'The seventh season of <i>Boku no Hero Academia</i>.<br>\n' +
        '<br>\n' +
        'Following an all-out battle with the Paranormal Liberation Front, it is difficult for the people of Japan to continue placing faith in their heroes. To combat the combined power of Tomura Shigaraki and All For One, All Might calls for his ally from the West—the strongest woman on the planet, Star and Stripe.<br>\n' +
        '<br>\n' +
        'However, All For One decides to intercept Star and her fleet to get his hands on her overpowered quirk before she can enter Japanese airspace. Although Endeavor, Hawks, and Best Jeanist are headed to the rendezvous point, Star makes a gamble in the present to save her comrades.<br>\n' +
        '<br>\n' +
        '(Source: MAL Rewrite)<br>\n' +
        '<br>\n' +
        "<i>Note: The season was preceded by a 4-episode special titled 'Boku no Hero Academia: Memories' recapping events from the 6th season along with adding a few minutes of new material each episode.</i>",
      format: 'TV',
      averageScore: 78,
      popularity: 89123,
      nextAiringEpisode: [Object],
      startDate: [Object],
      endDate: [Object],
      trailer: [Object]
    },
    {
      id: 171457,
      idMal: 57524,
      status: 'RELEASING',
      title: [Object],
      bannerImage: 'https://s4.anilist.co/file/anilistcdn/media/anime/banner/171457-VBH6gmvCKHwV.jpg',
      coverImage: [Object],
      episodes: 12,
      duration: 24,
      genres: [Array],
      description: 'Kazuhiko Nukumizu is a high school boy content to blend in with the background mob, until he witnessed his more popular classmate Anna Yanami get dumped by her childhood friend. He felt like he had to try to comfort Yanami, but this led him to become entangled with other girls who have met defeat at love?',
      format: 'TV',
      averageScore: 81,
      popularity: 44935,
      nextAiringEpisode: [Object],
      startDate: [Object],
      endDate: [Object],
      trailer: [Object]
    },
    {
      id: 156822,
      idMal: 53580,
      status: 'RELEASING',
      title: [Object],
      bannerImage: 'https://s4.anilist.co/file/anilistcdn/media/anime/banner/156822-y0wPQIl3AHDA.jpg',
      coverImage: [Object],
      episodes: 24,
      duration: 24,
      genres: [Array],
      description: 'The third season of <i>Tensei Shitara Slime Datta Ken</i>.<br><br>\n' +
        "Rimuru has officially become a Demon Lord after defeating Clayman. Following Walpurgis, the Demon Lords' banquet, Rimuru's domain is expanded to include the entire Great Forest of Jura. Anticipating a flood of representatives from all races showing up to pay their respects, Rimuru decides to throw a festival to commemorate the opening of Tempest, using it as an opportunity to gain new citizens and present Demon Lord Rimuru to the world. Meanwhile, in the Holy Empire of Lubelius, home base of the monster-hating cult of Luminism, Holy Knight Captain Hinata receives a message from Rimuru. But the message is actually a fabricated declaration of war sent by some unknown party. Upon learning that Hinata is heading for Tempest, Rimuru makes a decision... Thus begins a new challenge for Rimuru, striving to distinguish friend from foe in his pursuit of the ideal nation where humans and monsters can prosper together. <br><br>\n" +
        '(Source: Crunchyroll)\n',
      format: 'TV',
      averageScore: 78,
      popularity: 99326,
      nextAiringEpisode: [Object],
      startDate: [Object],
      endDate: [Object],
      trailer: [Object]
    }
  ]
}
 GET /en 200 in 1687ms
 GET /api/auth/session 200 in 6ms
 GET /api/v2/etc/recent/1 304 in 254ms
 GET /api/v2/admin/broadcast 304 in 369ms
 POST /api/user/profile 200 in 527ms
 GET /api/user/profile?name=MatthewDoWatchAnime 304 in 519ms
 ○ Compiling / ...
 ✓ Compiled / in 1841ms (1014 modules)
 GET / 307 in 1930ms
 GET / 307 in 7ms
 GET / 307 in 5ms
{
  trendData: [
    {
      id: 163292,
      idMal: 54913,
      status: 'RELEASING',
      title: [Object],
      bannerImage: 'https://s4.anilist.co/file/anilistcdn/media/anime/banner/163292-XOC86gRVHGOo.jpg',
      coverImage: [Object],
      episodes: 12,
      duration: 24,
      genres: [Array],
      description: '<i>"Why should it matter how old you are if you want to start something new?"</i><br><br>\n' +
        '\n' +
        "The strongest guy around, who also happens to be middle-aged, strives to be an adventurer! Everyone seems to think you should pursue your dreams while you're still young, but there's one man who just can't give up. In a world where most people who become adventurers do so in their teens, a guild employee in his thirties, Rick Gladiator, seeks to become an adventurer instead. After receiving unimaginably brutal training from the legendary party renowned as the strongest on the continent, Orichalcum Fist, he ends up with combat abilities worthy of S-rank status despite starting out as an F-rank rookie! <br><br>\n" +
        '(Source: Crunchyroll)',
      format: 'TV',
      averageScore: 67,
      popularity: 28103,
      nextAiringEpisode: [Object],
      startDate: [Object],
      endDate: [Object],
      trailer: [Object]
    },
    {
      id: 145728,
      idMal: 51122,
      status: 'RELEASING',
      title: [Object],
      bannerImage: 'https://s4.anilist.co/file/anilistcdn/media/anime/banner/145728-v6NGBJOQs8Kh.jpg',
      coverImage: [Object],
      episodes: 25,
      duration: 24,
      genres: [Array],
      description: 'Lawrence is a traveling merchant selling various goods from a horse-drawn cart. One day, he arrives at a village and meets a beautiful girl with the ears and tail of an animal! Her name is Holo the Wisewolf and she brings bountiful harvests. She wishes to return to her homeland, and Lawrence offers to take her. Now, the once-lonely merchant and the once-lonely wisewolf begin their journey north.<br>\n' +
        '<br>\n' +
        '(Source: Crunchyroll)',
      format: 'TV',
      averageScore: 77,
      popularity: 61950,
      nextAiringEpisode: [Object],
      startDate: [Object],
      endDate: [Object],
      trailer: [Object]
    },
    {
      id: 153406,
      idMal: 52635,
      status: 'RELEASING',
      title: [Object],
      bannerImage: 'https://s4.anilist.co/file/anilistcdn/media/anime/banner/153406-wP0TEqBVxY0V.jpg',
      coverImage: [Object],
      episodes: null,
      duration: 24,
      genres: [Array],
      description: 'The second season of <i>Kami no Tou: Tower of God</i>.\n' +
        '<br><br>\n' +
        'Ja Wangnan can’t seem to pass the 20th Floor. Even after failing time and time again, he refuses to give up. On his journey, he meets a mysterious and powerful character named Viole. Wangnan invites Viole to join his team of Regulars. Their journey continues with new challenges at every turn.\n' +
        '<br><br>\n' +
        '(Source: Crunchyroll)',
      format: 'TV',
      averageScore: 70,
      popularity: 72981,
      nextAiringEpisode: [Object],
      startDate: [Object],
      endDate: [Object],
      trailer: [Object]
    },
    {
      id: 174576,
      idMal: 58059,
      status: 'RELEASING',
      title: [Object],
      bannerImage: 'https://s4.anilist.co/file/anilistcdn/media/anime/banner/174576-6stJnscy5rCi.jpg',
      coverImage: [Object],
      episodes: 12,
      duration: 24,
      genres: [Array],
      description: "A hard-working boy named Will enters a magic academy in hopes of becoming a great sorcerer. Unfortunately, there's a fatal flaw in his plan: he lacks the ability to use magic. Amid the cold stares of his classmates and instructors, Will feels discouraged at times, but he presses forward with unwavering determination. He can't use a wand, but he can wield a sword in his battle to reach the top of a magic-dominated world. He just needs to believe in his own unique strengths and remember the promise he made with someone precious to him...\n" +
        '<br><br>\n' +
        '(Source: Crunchyroll)',
      format: 'TV',
      averageScore: 76,
      popularity: 54823,
      nextAiringEpisode: [Object],
      startDate: [Object],
      endDate: [Object],
      trailer: [Object]
    },
    {
      id: 163139,
      idMal: 54789,
      status: 'RELEASING',
      title: [Object],
      bannerImage: 'https://s4.anilist.co/file/anilistcdn/media/anime/banner/163139-I6UpRghBPVor.jpg',
      coverImage: [Object],
      episodes: 21,
      duration: 24,
      genres: [Array],
      description: 'The seventh season of <i>Boku no Hero Academia</i>.<br>\n' +
        '<br>\n' +
        'Following an all-out battle with the Paranormal Liberation Front, it is difficult for the people of Japan to continue placing faith in their heroes. To combat the combined power of Tomura Shigaraki and All For One, All Might calls for his ally from the West—the strongest woman on the planet, Star and Stripe.<br>\n' +
        '<br>\n' +
        'However, All For One decides to intercept Star and her fleet to get his hands on her overpowered quirk before she can enter Japanese airspace. Although Endeavor, Hawks, and Best Jeanist are headed to the rendezvous point, Star makes a gamble in the present to save her comrades.<br>\n' +
        '<br>\n' +
        '(Source: MAL Rewrite)<br>\n' +
        '<br>\n' +
        "<i>Note: The season was preceded by a 4-episode special titled 'Boku no Hero Academia: Memories' recapping events from the 6th season along with adding a few minutes of new material each episode.</i>",
      format: 'TV',
      averageScore: 78,
      popularity: 89123,
      nextAiringEpisode: [Object],
      startDate: [Object],
      endDate: [Object],
      trailer: [Object]
    },
    {
      id: 171457,
      idMal: 57524,
      status: 'RELEASING',
      title: [Object],
      bannerImage: 'https://s4.anilist.co/file/anilistcdn/media/anime/banner/171457-VBH6gmvCKHwV.jpg',
      coverImage: [Object],
      episodes: 12,
      duration: 24,
      genres: [Array],
      description: 'Kazuhiko Nukumizu is a high school boy content to blend in with the background mob, until he witnessed his more popular classmate Anna Yanami get dumped by her childhood friend. He felt like he had to try to comfort Yanami, but this led him to become entangled with other girls who have met defeat at love?',
      format: 'TV',
      averageScore: 81,
      popularity: 44935,
      nextAiringEpisode: [Object],
      startDate: [Object],
      endDate: [Object],
      trailer: [Object]
    },
    {
      id: 156822,
      idMal: 53580,
      status: 'RELEASING',
      title: [Object],
      bannerImage: 'https://s4.anilist.co/file/anilistcdn/media/anime/banner/156822-y0wPQIl3AHDA.jpg',
      coverImage: [Object],
      episodes: 24,
      duration: 24,
      genres: [Array],
      description: 'The third season of <i>Tensei Shitara Slime Datta Ken</i>.<br><br>\n' +
        "Rimuru has officially become a Demon Lord after defeating Clayman. Following Walpurgis, the Demon Lords' banquet, Rimuru's domain is expanded to include the entire Great Forest of Jura. Anticipating a flood of representatives from all races showing up to pay their respects, Rimuru decides to throw a festival to commemorate the opening of Tempest, using it as an opportunity to gain new citizens and present Demon Lord Rimuru to the world. Meanwhile, in the Holy Empire of Lubelius, home base of the monster-hating cult of Luminism, Holy Knight Captain Hinata receives a message from Rimuru. But the message is actually a fabricated declaration of war sent by some unknown party. Upon learning that Hinata is heading for Tempest, Rimuru makes a decision... Thus begins a new challenge for Rimuru, striving to distinguish friend from foe in his pursuit of the ideal nation where humans and monsters can prosper together. <br><br>\n" +
        '(Source: Crunchyroll)\n',
      format: 'TV',
      averageScore: 78,
      popularity: 99326,
      nextAiringEpisode: [Object],
      startDate: [Object],
      endDate: [Object],
      trailer: [Object]
    }
  ]
}
 GET /en 200 in 2088ms
 ○ Compiling /404 ...
 ✓ Compiled /404 in 1012ms (1020 modules)
 ✓ Compiled /_error in 199ms (1020 modules)
{
  trendData: [
    {
      id: 163292,
      idMal: 54913,
      status: 'RELEASING',
      title: [Object],
      bannerImage: 'https://s4.anilist.co/file/anilistcdn/media/anime/banner/163292-XOC86gRVHGOo.jpg',
      coverImage: [Object],
      episodes: 12,
      duration: 24,
      genres: [Array],
      description: '<i>"Why should it matter how old you are if you want to start something new?"</i><br><br>\n' +
        '\n' +
        "The strongest guy around, who also happens to be middle-aged, strives to be an adventurer! Everyone seems to think you should pursue your dreams while you're still young, but there's one man who just can't give up. In a world where most people who become adventurers do so in their teens, a guild employee in his thirties, Rick Gladiator, seeks to become an adventurer instead. After receiving unimaginably brutal training from the legendary party renowned as the strongest on the continent, Orichalcum Fist, he ends up with combat abilities worthy of S-rank status despite starting out as an F-rank rookie! <br><br>\n" +
        '(Source: Crunchyroll)',
      format: 'TV',
      averageScore: 67,
      popularity: 28103,
      nextAiringEpisode: [Object],
      startDate: [Object],
      endDate: [Object],
      trailer: [Object]
    },
    {
      id: 145728,
      idMal: 51122,
      status: 'RELEASING',
      title: [Object],
      bannerImage: 'https://s4.anilist.co/file/anilistcdn/media/anime/banner/145728-v6NGBJOQs8Kh.jpg',
      coverImage: [Object],
      episodes: 25,
      duration: 24,
      genres: [Array],
      description: 'Lawrence is a traveling merchant selling various goods from a horse-drawn cart. One day, he arrives at a village and meets a beautiful girl with the ears and tail of an animal! Her name is Holo the Wisewolf and she brings bountiful harvests. She wishes to return to her homeland, and Lawrence offers to take her. Now, the once-lonely merchant and the once-lonely wisewolf begin their journey north.<br>\n' +
        '<br>\n' +
        '(Source: Crunchyroll)',
      format: 'TV',
      averageScore: 77,
      popularity: 61950,
      nextAiringEpisode: [Object],
      startDate: [Object],
      endDate: [Object],
      trailer: [Object]
    },
    {
      id: 153406,
      idMal: 52635,
      status: 'RELEASING',
      title: [Object],
      bannerImage: 'https://s4.anilist.co/file/anilistcdn/media/anime/banner/153406-wP0TEqBVxY0V.jpg',
      coverImage: [Object],
      episodes: null,
      duration: 24,
      genres: [Array],
      description: 'The second season of <i>Kami no Tou: Tower of God</i>.\n' +
        '<br><br>\n' +
        'Ja Wangnan can’t seem to pass the 20th Floor. Even after failing time and time again, he refuses to give up. On his journey, he meets a mysterious and powerful character named Viole. Wangnan invites Viole to join his team of Regulars. Their journey continues with new challenges at every turn.\n' +
        '<br><br>\n' +
        '(Source: Crunchyroll)',
      format: 'TV',
      averageScore: 70,
      popularity: 72981,
      nextAiringEpisode: [Object],
      startDate: [Object],
      endDate: [Object],
      trailer: [Object]
    },
    {
      id: 174576,
      idMal: 58059,
      status: 'RELEASING',
      title: [Object],
      bannerImage: 'https://s4.anilist.co/file/anilistcdn/media/anime/banner/174576-6stJnscy5rCi.jpg',
      coverImage: [Object],
      episodes: 12,
      duration: 24,
      genres: [Array],
      description: "A hard-working boy named Will enters a magic academy in hopes of becoming a great sorcerer. Unfortunately, there's a fatal flaw in his plan: he lacks the ability to use magic. Amid the cold stares of his classmates and instructors, Will feels discouraged at times, but he presses forward with unwavering determination. He can't use a wand, but he can wield a sword in his battle to reach the top of a magic-dominated world. He just needs to believe in his own unique strengths and remember the promise he made with someone precious to him...\n" +
        '<br><br>\n' +
        '(Source: Crunchyroll)',
      format: 'TV',
      averageScore: 76,
      popularity: 54823,
      nextAiringEpisode: [Object],
      startDate: [Object],
      endDate: [Object],
      trailer: [Object]
    },
    {
      id: 163139,
      idMal: 54789,
      status: 'RELEASING',
      title: [Object],
      bannerImage: 'https://s4.anilist.co/file/anilistcdn/media/anime/banner/163139-I6UpRghBPVor.jpg',
      coverImage: [Object],
      episodes: 21,
      duration: 24,
      genres: [Array],
      description: 'The seventh season of <i>Boku no Hero Academia</i>.<br>\n' +
        '<br>\n' +
        'Following an all-out battle with the Paranormal Liberation Front, it is difficult for the people of Japan to continue placing faith in their heroes. To combat the combined power of Tomura Shigaraki and All For One, All Might calls for his ally from the West—the strongest woman on the planet, Star and Stripe.<br>\n' +
        '<br>\n' +
        'However, All For One decides to intercept Star and her fleet to get his hands on her overpowered quirk before she can enter Japanese airspace. Although Endeavor, Hawks, and Best Jeanist are headed to the rendezvous point, Star makes a gamble in the present to save her comrades.<br>\n' +
        '<br>\n' +
        '(Source: MAL Rewrite)<br>\n' +
        '<br>\n' +
        "<i>Note: The season was preceded by a 4-episode special titled 'Boku no Hero Academia: Memories' recapping events from the 6th season along with adding a few minutes of new material each episode.</i>",
      format: 'TV',
      averageScore: 78,
      popularity: 89123,
      nextAiringEpisode: [Object],
      startDate: [Object],
      endDate: [Object],
      trailer: [Object]
    },
    {
      id: 171457,
      idMal: 57524,
      status: 'RELEASING',
      title: [Object],
      bannerImage: 'https://s4.anilist.co/file/anilistcdn/media/anime/banner/171457-VBH6gmvCKHwV.jpg',
      coverImage: [Object],
      episodes: 12,
      duration: 24,
      genres: [Array],
      description: 'Kazuhiko Nukumizu is a high school boy content to blend in with the background mob, until he witnessed his more popular classmate Anna Yanami get dumped by her childhood friend. He felt like he had to try to comfort Yanami, but this led him to become entangled with other girls who have met defeat at love?',
      format: 'TV',
      averageScore: 81,
      popularity: 44935,
      nextAiringEpisode: [Object],
      startDate: [Object],
      endDate: [Object],
      trailer: [Object]
    },
    {
      id: 156822,
      idMal: 53580,
      status: 'RELEASING',
      title: [Object],
      bannerImage: 'https://s4.anilist.co/file/anilistcdn/media/anime/banner/156822-y0wPQIl3AHDA.jpg',
      coverImage: [Object],
      episodes: 24,
      duration: 24,
      genres: [Array],
      description: 'The third season of <i>Tensei Shitara Slime Datta Ken</i>.<br><br>\n' +
        "Rimuru has officially become a Demon Lord after defeating Clayman. Following Walpurgis, the Demon Lords' banquet, Rimuru's domain is expanded to include the entire Great Forest of Jura. Anticipating a flood of representatives from all races showing up to pay their respects, Rimuru decides to throw a festival to commemorate the opening of Tempest, using it as an opportunity to gain new citizens and present Demon Lord Rimuru to the world. Meanwhile, in the Holy Empire of Lubelius, home base of the monster-hating cult of Luminism, Holy Knight Captain Hinata receives a message from Rimuru. But the message is actually a fabricated declaration of war sent by some unknown party. Upon learning that Hinata is heading for Tempest, Rimuru makes a decision... Thus begins a new challenge for Rimuru, striving to distinguish friend from foe in his pursuit of the ideal nation where humans and monsters can prosper together. <br><br>\n" +
        '(Source: Crunchyroll)\n',
      format: 'TV',
      averageScore: 78,
      popularity: 99326,
      nextAiringEpisode: [Object],
      startDate: [Object],
      endDate: [Object],
      trailer: [Object]
    }
  ]
}
 GET /en 200 in 1944ms
 ✓ Compiled /api/v2/etc/recent/[page] in 86ms (305 modules)
 ✓ Compiled /api/v2/admin/broadcast in 202ms (308 modules)
 ✓ Compiled (310 modules)
 ⨯ Error: Cannot find module './chunks/undefined'
Require stack:
- /root/1anime/.next/server/webpack-api-runtime.js
- /root/1anime/.next/server/pages/api/v2/admin/broadcast.js
- /root/1anime/node_modules/next/dist/server/future/helpers/module-loader/node-module-loader.js
- /root/1anime/node_modules/next/dist/server/future/helpers/module-loader/route-module-loader.js
- /root/1anime/node_modules/next/dist/server/next-server.js
- /root/1anime/node_modules/next/dist/server/dev/next-dev-server.js
- /root/1anime/node_modules/next/dist/server/next.js
- /root/1anime/node_modules/next/dist/server/lib/start-server.js
    at Module._resolveFilename (node:internal/modules/cjs/loader:1140:15)
    at /root/1anime/node_modules/next/dist/server/require-hook.js:55:36
    at Module._load (node:internal/modules/cjs/loader:981:27)
    at Module.require (node:internal/modules/cjs/loader:1231:19)
    at mod.require (/root/1anime/node_modules/next/dist/server/require-hook.js:65:28)
    at require (node:internal/modules/helpers:177:18)
    at o.f.require (/root/1anime/.next/server/webpack-api-runtime.js:1:1882)
    at /root/1anime/.next/server/webpack-api-runtime.js:1:1361
    at Array.reduce (<anonymous>)
    at o.e (/root/1anime/.next/server/webpack-api-runtime.js:1:1340)
    at Array.map (<anonymous>)
    at o.X (/root/1anime/.next/server/webpack-api-runtime.js:1:1653)
    at /root/1anime/.next/server/pages/api/v2/admin/broadcast.js:93:47
    at Object.<anonymous> (/root/1anime/.next/server/pages/api/v2/admin/broadcast.js:96:3)
    at Module._compile (node:internal/modules/cjs/loader:1364:14) {
  code: 'MODULE_NOT_FOUND',
  requireStack: [
    '/root/1anime/.next/server/webpack-api-runtime.js',
    '/root/1anime/.next/server/pages/api/v2/admin/broadcast.js',
    '/root/1anime/node_modules/next/dist/server/future/helpers/module-loader/node-module-loader.js',
    '/root/1anime/node_modules/next/dist/server/future/helpers/module-loader/route-module-loader.js',
    '/root/1anime/node_modules/next/dist/server/next-server.js',
    '/root/1anime/node_modules/next/dist/server/dev/next-dev-server.js',
    '/root/1anime/node_modules/next/dist/server/next.js',
    '/root/1anime/node_modules/next/dist/server/lib/start-server.js'
  ]
}
 ⨯ Error: Cannot find module './chunks/undefined'
Require stack:
- /root/1anime/.next/server/webpack-api-runtime.js
- /root/1anime/.next/server/pages/api/v2/admin/broadcast.js
- /root/1anime/node_modules/next/dist/server/future/helpers/module-loader/node-module-loader.js
- /root/1anime/node_modules/next/dist/server/future/helpers/module-loader/route-module-loader.js
- /root/1anime/node_modules/next/dist/server/next-server.js
- /root/1anime/node_modules/next/dist/server/dev/next-dev-server.js
- /root/1anime/node_modules/next/dist/server/next.js
- /root/1anime/node_modules/next/dist/server/lib/start-server.js
    at Module._resolveFilename (node:internal/modules/cjs/loader:1140:15)
    at /root/1anime/node_modules/next/dist/server/require-hook.js:55:36
    at Module._load (node:internal/modules/cjs/loader:981:27)
    at Module.require (node:internal/modules/cjs/loader:1231:19)
    at mod.require (/root/1anime/node_modules/next/dist/server/require-hook.js:65:28)
    at require (node:internal/modules/helpers:177:18)
    at o.f.require (/root/1anime/.next/server/webpack-api-runtime.js:1:1882)
    at /root/1anime/.next/server/webpack-api-runtime.js:1:1361
    at Array.reduce (<anonymous>)
    at o.e (/root/1anime/.next/server/webpack-api-runtime.js:1:1340)
    at Array.map (<anonymous>)
    at o.X (/root/1anime/.next/server/webpack-api-runtime.js:1:1653)
    at /root/1anime/.next/server/pages/api/auth/[...nextauth].js:63:47
    at Object.<anonymous> (/root/1anime/.next/server/pages/api/auth/[...nextauth].js:66:3)
    at Module._compile (node:internal/modules/cjs/loader:1364:14) {
  code: 'MODULE_NOT_FOUND',
  requireStack: [
    '/root/1anime/.next/server/webpack-api-runtime.js',
    '/root/1anime/.next/server/pages/api/v2/admin/broadcast.js',
    '/root/1anime/node_modules/next/dist/server/future/helpers/module-loader/node-module-loader.js',
    '/root/1anime/node_modules/next/dist/server/future/helpers/module-loader/route-module-loader.js',
    '/root/1anime/node_modules/next/dist/server/next-server.js',
    '/root/1anime/node_modules/next/dist/server/dev/next-dev-server.js',
    '/root/1anime/node_modules/next/dist/server/next.js',
    '/root/1anime/node_modules/next/dist/server/lib/start-server.js'
  ]
}
 GET /api/v2/admin/broadcast 500 in 222ms
 GET /api/auth/session 500 in 340ms
 GET /api/v2/etc/recent/1 200 in 1103ms
 ⨯ Error: Cannot find module './chunks/undefined'
Require stack:
- /root/1anime/.next/server/webpack-api-runtime.js
- /root/1anime/.next/server/pages/api/v2/admin/broadcast.js
- /root/1anime/node_modules/next/dist/server/future/helpers/module-loader/node-module-loader.js
- /root/1anime/node_modules/next/dist/server/future/helpers/module-loader/route-module-loader.js
- /root/1anime/node_modules/next/dist/server/next-server.js
- /root/1anime/node_modules/next/dist/server/dev/next-dev-server.js
- /root/1anime/node_modules/next/dist/server/next.js
- /root/1anime/node_modules/next/dist/server/lib/start-server.js
    at Module._resolveFilename (node:internal/modules/cjs/loader:1140:15)
    at /root/1anime/node_modules/next/dist/server/require-hook.js:55:36
    at Module._load (node:internal/modules/cjs/loader:981:27)
    at Module.require (node:internal/modules/cjs/loader:1231:19)
    at mod.require (/root/1anime/node_modules/next/dist/server/require-hook.js:65:28)
    at require (node:internal/modules/helpers:177:18)
    at o.f.require (/root/1anime/.next/server/webpack-api-runtime.js:1:1882)
    at /root/1anime/.next/server/webpack-api-runtime.js:1:1361
    at Array.reduce (<anonymous>)
    at o.e (/root/1anime/.next/server/webpack-api-runtime.js:1:1340)
    at Array.map (<anonymous>)
    at o.X (/root/1anime/.next/server/webpack-api-runtime.js:1:1653)
    at /root/1anime/.next/server/pages/api/auth/[...nextauth].js:63:47
    at Object.<anonymous> (/root/1anime/.next/server/pages/api/auth/[...nextauth].js:66:3)
    at Module._compile (node:internal/modules/cjs/loader:1364:14) {
  code: 'MODULE_NOT_FOUND',
  requireStack: [
    '/root/1anime/.next/server/webpack-api-runtime.js',
    '/root/1anime/.next/server/pages/api/v2/admin/broadcast.js',
    '/root/1anime/node_modules/next/dist/server/future/helpers/module-loader/node-module-loader.js',
    '/root/1anime/node_modules/next/dist/server/future/helpers/module-loader/route-module-loader.js',
    '/root/1anime/node_modules/next/dist/server/next-server.js',
    '/root/1anime/node_modules/next/dist/server/dev/next-dev-server.js',
    '/root/1anime/node_modules/next/dist/server/next.js',
    '/root/1anime/node_modules/next/dist/server/lib/start-server.js'
  ]
}
 POST /api/auth/_log 500 in 9ms
{
  trendData: [
    {
      id: 163292,
      idMal: 54913,
      status: 'RELEASING',
      title: [Object],
      bannerImage: 'https://s4.anilist.co/file/anilistcdn/media/anime/banner/163292-XOC86gRVHGOo.jpg',
      coverImage: [Object],
      episodes: 12,
      duration: 24,
      genres: [Array],
      description: '<i>"Why should it matter how old you are if you want to start something new?"</i><br><br>\n' +
        '\n' +
        "The strongest guy around, who also happens to be middle-aged, strives to be an adventurer! Everyone seems to think you should pursue your dreams while you're still young, but there's one man who just can't give up. In a world where most people who become adventurers do so in their teens, a guild employee in his thirties, Rick Gladiator, seeks to become an adventurer instead. After receiving unimaginably brutal training from the legendary party renowned as the strongest on the continent, Orichalcum Fist, he ends up with combat abilities worthy of S-rank status despite starting out as an F-rank rookie! <br><br>\n" +
        '(Source: Crunchyroll)',
      format: 'TV',
      averageScore: 67,
      popularity: 28103,
      nextAiringEpisode: [Object],
      startDate: [Object],
      endDate: [Object],
      trailer: [Object]
    },
    {
      id: 145728,
      idMal: 51122,
      status: 'RELEASING',
      title: [Object],
      bannerImage: 'https://s4.anilist.co/file/anilistcdn/media/anime/banner/145728-v6NGBJOQs8Kh.jpg',
      coverImage: [Object],
      episodes: 25,
      duration: 24,
      genres: [Array],
      description: 'Lawrence is a traveling merchant selling various goods from a horse-drawn cart. One day, he arrives at a village and meets a beautiful girl with the ears and tail of an animal! Her name is Holo the Wisewolf and she brings bountiful harvests. She wishes to return to her homeland, and Lawrence offers to take her. Now, the once-lonely merchant and the once-lonely wisewolf begin their journey north.<br>\n' +
        '<br>\n' +
        '(Source: Crunchyroll)',
      format: 'TV',
      averageScore: 77,
      popularity: 61950,
      nextAiringEpisode: [Object],
      startDate: [Object],
      endDate: [Object],
      trailer: [Object]
    },
    {
      id: 153406,
      idMal: 52635,
      status: 'RELEASING',
      title: [Object],
      bannerImage: 'https://s4.anilist.co/file/anilistcdn/media/anime/banner/153406-wP0TEqBVxY0V.jpg',
      coverImage: [Object],
      episodes: null,
      duration: 24,
      genres: [Array],
      description: 'The second season of <i>Kami no Tou: Tower of God</i>.\n' +
        '<br><br>\n' +
        'Ja Wangnan can’t seem to pass the 20th Floor. Even after failing time and time again, he refuses to give up. On his journey, he meets a mysterious and powerful character named Viole. Wangnan invites Viole to join his team of Regulars. Their journey continues with new challenges at every turn.\n' +
        '<br><br>\n' +
        '(Source: Crunchyroll)',
      format: 'TV',
      averageScore: 70,
      popularity: 72981,
      nextAiringEpisode: [Object],
      startDate: [Object],
      endDate: [Object],
      trailer: [Object]
    },
    {
      id: 174576,
      idMal: 58059,
      status: 'RELEASING',
      title: [Object],
      bannerImage: 'https://s4.anilist.co/file/anilistcdn/media/anime/banner/174576-6stJnscy5rCi.jpg',
      coverImage: [Object],
      episodes: 12,
      duration: 24,
      genres: [Array],
      description: "A hard-working boy named Will enters a magic academy in hopes of becoming a great sorcerer. Unfortunately, there's a fatal flaw in his plan: he lacks the ability to use magic. Amid the cold stares of his classmates and instructors, Will feels discouraged at times, but he presses forward with unwavering determination. He can't use a wand, but he can wield a sword in his battle to reach the top of a magic-dominated world. He just needs to believe in his own unique strengths and remember the promise he made with someone precious to him...\n" +
        '<br><br>\n' +
        '(Source: Crunchyroll)',
      format: 'TV',
      averageScore: 76,
      popularity: 54823,
      nextAiringEpisode: [Object],
      startDate: [Object],
      endDate: [Object],
      trailer: [Object]
    },
    {
      id: 163139,
      idMal: 54789,
      status: 'RELEASING',
      title: [Object],
      bannerImage: 'https://s4.anilist.co/file/anilistcdn/media/anime/banner/163139-I6UpRghBPVor.jpg',
      coverImage: [Object],
      episodes: 21,
      duration: 24,
      genres: [Array],
      description: 'The seventh season of <i>Boku no Hero Academia</i>.<br>\n' +
        '<br>\n' +
        'Following an all-out battle with the Paranormal Liberation Front, it is difficult for the people of Japan to continue placing faith in their heroes. To combat the combined power of Tomura Shigaraki and All For One, All Might calls for his ally from the West—the strongest woman on the planet, Star and Stripe.<br>\n' +
        '<br>\n' +
        'However, All For One decides to intercept Star and her fleet to get his hands on her overpowered quirk before she can enter Japanese airspace. Although Endeavor, Hawks, and Best Jeanist are headed to the rendezvous point, Star makes a gamble in the present to save her comrades.<br>\n' +
        '<br>\n' +
        '(Source: MAL Rewrite)<br>\n' +
        '<br>\n' +
        "<i>Note: The season was preceded by a 4-episode special titled 'Boku no Hero Academia: Memories' recapping events from the 6th season along with adding a few minutes of new material each episode.</i>",
      format: 'TV',
      averageScore: 78,
      popularity: 89123,
      nextAiringEpisode: [Object],
      startDate: [Object],
      endDate: [Object],
      trailer: [Object]
    },
    {
      id: 171457,
      idMal: 57524,
      status: 'RELEASING',
      title: [Object],
      bannerImage: 'https://s4.anilist.co/file/anilistcdn/media/anime/banner/171457-VBH6gmvCKHwV.jpg',
      coverImage: [Object],
      episodes: 12,
      duration: 24,
      genres: [Array],
      description: 'Kazuhiko Nukumizu is a high school boy content to blend in with the background mob, until he witnessed his more popular classmate Anna Yanami get dumped by her childhood friend. He felt like he had to try to comfort Yanami, but this led him to become entangled with other girls who have met defeat at love?',
      format: 'TV',
      averageScore: 81,
      popularity: 44935,
      nextAiringEpisode: [Object],
      startDate: [Object],
      endDate: [Object],
      trailer: [Object]
    },
    {
      id: 156822,
      idMal: 53580,
      status: 'RELEASING',
      title: [Object],
      bannerImage: 'https://s4.anilist.co/file/anilistcdn/media/anime/banner/156822-y0wPQIl3AHDA.jpg',
      coverImage: [Object],
      episodes: 24,
      duration: 24,
      genres: [Array],
      description: 'The third season of <i>Tensei Shitara Slime Datta Ken</i>.<br><br>\n' +
        "Rimuru has officially become a Demon Lord after defeating Clayman. Following Walpurgis, the Demon Lords' banquet, Rimuru's domain is expanded to include the entire Great Forest of Jura. Anticipating a flood of representatives from all races showing up to pay their respects, Rimuru decides to throw a festival to commemorate the opening of Tempest, using it as an opportunity to gain new citizens and present Demon Lord Rimuru to the world. Meanwhile, in the Holy Empire of Lubelius, home base of the monster-hating cult of Luminism, Holy Knight Captain Hinata receives a message from Rimuru. But the message is actually a fabricated declaration of war sent by some unknown party. Upon learning that Hinata is heading for Tempest, Rimuru makes a decision... Thus begins a new challenge for Rimuru, striving to distinguish friend from foe in his pursuit of the ideal nation where humans and monsters can prosper together. <br><br>\n" +
        '(Source: Crunchyroll)\n',
      format: 'TV',
      averageScore: 78,
      popularity: 99326,
      nextAiringEpisode: [Object],
      startDate: [Object],
      endDate: [Object],
      trailer: [Object]
    }
  ]
}
 GET /en 200 in 2162ms
 ⨯ Error: Cannot find module './chunks/undefined'
Require stack:
- /root/1anime/.next/server/webpack-api-runtime.js
- /root/1anime/.next/server/pages/api/v2/admin/broadcast.js
- /root/1anime/node_modules/next/dist/server/future/helpers/module-loader/node-module-loader.js
- /root/1anime/node_modules/next/dist/server/future/helpers/module-loader/route-module-loader.js
- /root/1anime/node_modules/next/dist/server/next-server.js
- /root/1anime/node_modules/next/dist/server/dev/next-dev-server.js
- /root/1anime/node_modules/next/dist/server/next.js
- /root/1anime/node_modules/next/dist/server/lib/start-server.js
    at Module._resolveFilename (node:internal/modules/cjs/loader:1140:15)
    at /root/1anime/node_modules/next/dist/server/require-hook.js:55:36
    at Module._load (node:internal/modules/cjs/loader:981:27)
    at Module.require (node:internal/modules/cjs/loader:1231:19)
    at mod.require (/root/1anime/node_modules/next/dist/server/require-hook.js:65:28)
    at require (node:internal/modules/helpers:177:18)
    at o.f.require (/root/1anime/.next/server/webpack-api-runtime.js:1:1882)
    at /root/1anime/.next/server/webpack-api-runtime.js:1:1361
    at Array.reduce (<anonymous>)
    at o.e (/root/1anime/.next/server/webpack-api-runtime.js:1:1340)
    at Array.map (<anonymous>)
    at o.X (/root/1anime/.next/server/webpack-api-runtime.js:1:1653)
    at /root/1anime/.next/server/pages/api/auth/[...nextauth].js:63:47
    at Object.<anonymous> (/root/1anime/.next/server/pages/api/auth/[...nextauth].js:66:3)
    at Module._compile (node:internal/modules/cjs/loader:1364:14) {
  code: 'MODULE_NOT_FOUND',
  requireStack: [
    '/root/1anime/.next/server/webpack-api-runtime.js',
    '/root/1anime/.next/server/pages/api/v2/admin/broadcast.js',
    '/root/1anime/node_modules/next/dist/server/future/helpers/module-loader/node-module-loader.js',
    '/root/1anime/node_modules/next/dist/server/future/helpers/module-loader/route-module-loader.js',
    '/root/1anime/node_modules/next/dist/server/next-server.js',
    '/root/1anime/node_modules/next/dist/server/dev/next-dev-server.js',
    '/root/1anime/node_modules/next/dist/server/next.js',
    '/root/1anime/node_modules/next/dist/server/lib/start-server.js'
  ]
}
 GET /api/auth/session 500 in 11ms
 ⨯ Error: Cannot find module './chunks/undefined'
Require stack:
- /root/1anime/.next/server/webpack-api-runtime.js
- /root/1anime/.next/server/pages/api/v2/admin/broadcast.js
- /root/1anime/node_modules/next/dist/server/future/helpers/module-loader/node-module-loader.js
- /root/1anime/node_modules/next/dist/server/future/helpers/module-loader/route-module-loader.js
- /root/1anime/node_modules/next/dist/server/next-server.js
- /root/1anime/node_modules/next/dist/server/dev/next-dev-server.js
- /root/1anime/node_modules/next/dist/server/next.js
- /root/1anime/node_modules/next/dist/server/lib/start-server.js
    at Module._resolveFilename (node:internal/modules/cjs/loader:1140:15)
    at /root/1anime/node_modules/next/dist/server/require-hook.js:55:36
    at Module._load (node:internal/modules/cjs/loader:981:27)
    at Module.require (node:internal/modules/cjs/loader:1231:19)
    at mod.require (/root/1anime/node_modules/next/dist/server/require-hook.js:65:28)
    at require (node:internal/modules/helpers:177:18)
    at o.f.require (/root/1anime/.next/server/webpack-api-runtime.js:1:1882)
    at /root/1anime/.next/server/webpack-api-runtime.js:1:1361
    at Array.reduce (<anonymous>)
    at o.e (/root/1anime/.next/server/webpack-api-runtime.js:1:1340)
    at Array.map (<anonymous>)
    at o.X (/root/1anime/.next/server/webpack-api-runtime.js:1:1653)
    at /root/1anime/.next/server/pages/api/v2/admin/broadcast.js:93:47
    at Object.<anonymous> (/root/1anime/.next/server/pages/api/v2/admin/broadcast.js:96:3)
    at Module._compile (node:internal/modules/cjs/loader:1364:14) {
  code: 'MODULE_NOT_FOUND',
  requireStack: [
    '/root/1anime/.next/server/webpack-api-runtime.js',
    '/root/1anime/.next/server/pages/api/v2/admin/broadcast.js',
    '/root/1anime/node_modules/next/dist/server/future/helpers/module-loader/node-module-loader.js',
    '/root/1anime/node_modules/next/dist/server/future/helpers/module-loader/route-module-loader.js',
    '/root/1anime/node_modules/next/dist/server/next-server.js',
    '/root/1anime/node_modules/next/dist/server/dev/next-dev-server.js',
    '/root/1anime/node_modules/next/dist/server/next.js',
    '/root/1anime/node_modules/next/dist/server/lib/start-server.js'
  ]
}
 GET /api/v2/admin/broadcast 500 in 9ms
 ⨯ Error: Cannot find module './chunks/undefined'
Require stack:
- /root/1anime/.next/server/webpack-api-runtime.js
- /root/1anime/.next/server/pages/api/v2/admin/broadcast.js
- /root/1anime/node_modules/next/dist/server/future/helpers/module-loader/node-module-loader.js
- /root/1anime/node_modules/next/dist/server/future/helpers/module-loader/route-module-loader.js
- /root/1anime/node_modules/next/dist/server/next-server.js
- /root/1anime/node_modules/next/dist/server/dev/next-dev-server.js
- /root/1anime/node_modules/next/dist/server/next.js
- /root/1anime/node_modules/next/dist/server/lib/start-server.js
    at Module._resolveFilename (node:internal/modules/cjs/loader:1140:15)
    at /root/1anime/node_modules/next/dist/server/require-hook.js:55:36
    at Module._load (node:internal/modules/cjs/loader:981:27)
    at Module.require (node:internal/modules/cjs/loader:1231:19)
    at mod.require (/root/1anime/node_modules/next/dist/server/require-hook.js:65:28)
    at require (node:internal/modules/helpers:177:18)
    at o.f.require (/root/1anime/.next/server/webpack-api-runtime.js:1:1882)
    at /root/1anime/.next/server/webpack-api-runtime.js:1:1361
    at Array.reduce (<anonymous>)
    at o.e (/root/1anime/.next/server/webpack-api-runtime.js:1:1340)
    at Array.map (<anonymous>)
    at o.X (/root/1anime/.next/server/webpack-api-runtime.js:1:1653)
    at /root/1anime/.next/server/pages/api/auth/[...nextauth].js:63:47
    at Object.<anonymous> (/root/1anime/.next/server/pages/api/auth/[...nextauth].js:66:3)
    at Module._compile (node:internal/modules/cjs/loader:1364:14) {
  code: 'MODULE_NOT_FOUND',
  requireStack: [
    '/root/1anime/.next/server/webpack-api-runtime.js',
    '/root/1anime/.next/server/pages/api/v2/admin/broadcast.js',
    '/root/1anime/node_modules/next/dist/server/future/helpers/module-loader/node-module-loader.js',
    '/root/1anime/node_modules/next/dist/server/future/helpers/module-loader/route-module-loader.js',
    '/root/1anime/node_modules/next/dist/server/next-server.js',
    '/root/1anime/node_modules/next/dist/server/dev/next-dev-server.js',
    '/root/1anime/node_modules/next/dist/server/next.js',
    '/root/1anime/node_modules/next/dist/server/lib/start-server.js'
  ]
}
 POST /api/auth/_log 500 in 8ms
 GET /api/v2/etc/recent/1 304 in 1006ms
{
  trendData: [
    {
      id: 163292,
      idMal: 54913,
      status: 'RELEASING',
      title: [Object],
      bannerImage: 'https://s4.anilist.co/file/anilistcdn/media/anime/banner/163292-XOC86gRVHGOo.jpg',
      coverImage: [Object],
      episodes: 12,
      duration: 24,
      genres: [Array],
      description: '<i>"Why should it matter how old you are if you want to start something new?"</i><br><br>\n' +
        '\n' +
        "The strongest guy around, who also happens to be middle-aged, strives to be an adventurer! Everyone seems to think you should pursue your dreams while you're still young, but there's one man who just can't give up. In a world where most people who become adventurers do so in their teens, a guild employee in his thirties, Rick Gladiator, seeks to become an adventurer instead. After receiving unimaginably brutal training from the legendary party renowned as the strongest on the continent, Orichalcum Fist, he ends up with combat abilities worthy of S-rank status despite starting out as an F-rank rookie! <br><br>\n" +
        '(Source: Crunchyroll)',
      format: 'TV',
      averageScore: 67,
      popularity: 28103,
      nextAiringEpisode: [Object],
      startDate: [Object],
      endDate: [Object],
      trailer: [Object]
    },
    {
      id: 145728,
      idMal: 51122,
      status: 'RELEASING',
      title: [Object],
      bannerImage: 'https://s4.anilist.co/file/anilistcdn/media/anime/banner/145728-v6NGBJOQs8Kh.jpg',
      coverImage: [Object],
      episodes: 25,
      duration: 24,
      genres: [Array],
      description: 'Lawrence is a traveling merchant selling various goods from a horse-drawn cart. One day, he arrives at a village and meets a beautiful girl with the ears and tail of an animal! Her name is Holo the Wisewolf and she brings bountiful harvests. She wishes to return to her homeland, and Lawrence offers to take her. Now, the once-lonely merchant and the once-lonely wisewolf begin their journey north.<br>\n' +
        '<br>\n' +
        '(Source: Crunchyroll)',
      format: 'TV',
      averageScore: 77,
      popularity: 61950,
      nextAiringEpisode: [Object],
      startDate: [Object],
      endDate: [Object],
      trailer: [Object]
    },
    {
      id: 153406,
      idMal: 52635,
      status: 'RELEASING',
      title: [Object],
      bannerImage: 'https://s4.anilist.co/file/anilistcdn/media/anime/banner/153406-wP0TEqBVxY0V.jpg',
      coverImage: [Object],
      episodes: null,
      duration: 24,
      genres: [Array],
      description: 'The second season of <i>Kami no Tou: Tower of God</i>.\n' +
        '<br><br>\n' +
        'Ja Wangnan can’t seem to pass the 20th Floor. Even after failing time and time again, he refuses to give up. On his journey, he meets a mysterious and powerful character named Viole. Wangnan invites Viole to join his team of Regulars. Their journey continues with new challenges at every turn.\n' +
        '<br><br>\n' +
        '(Source: Crunchyroll)',
      format: 'TV',
      averageScore: 70,
      popularity: 72981,
      nextAiringEpisode: [Object],
      startDate: [Object],
      endDate: [Object],
      trailer: [Object]
    },
    {
      id: 174576,
      idMal: 58059,
      status: 'RELEASING',
      title: [Object],
      bannerImage: 'https://s4.anilist.co/file/anilistcdn/media/anime/banner/174576-6stJnscy5rCi.jpg',
      coverImage: [Object],
      episodes: 12,
      duration: 24,
      genres: [Array],
      description: "A hard-working boy named Will enters a magic academy in hopes of becoming a great sorcerer. Unfortunately, there's a fatal flaw in his plan: he lacks the ability to use magic. Amid the cold stares of his classmates and instructors, Will feels discouraged at times, but he presses forward with unwavering determination. He can't use a wand, but he can wield a sword in his battle to reach the top of a magic-dominated world. He just needs to believe in his own unique strengths and remember the promise he made with someone precious to him...\n" +
        '<br><br>\n' +
        '(Source: Crunchyroll)',
      format: 'TV',
      averageScore: 76,
      popularity: 54823,
      nextAiringEpisode: [Object],
      startDate: [Object],
      endDate: [Object],
      trailer: [Object]
    },
    {
      id: 163139,
      idMal: 54789,
      status: 'RELEASING',
      title: [Object],
      bannerImage: 'https://s4.anilist.co/file/anilistcdn/media/anime/banner/163139-I6UpRghBPVor.jpg',
      coverImage: [Object],
      episodes: 21,
      duration: 24,
      genres: [Array],
      description: 'The seventh season of <i>Boku no Hero Academia</i>.<br>\n' +
        '<br>\n' +
        'Following an all-out battle with the Paranormal Liberation Front, it is difficult for the people of Japan to continue placing faith in their heroes. To combat the combined power of Tomura Shigaraki and All For One, All Might calls for his ally from the West—the strongest woman on the planet, Star and Stripe.<br>\n' +
        '<br>\n' +
        'However, All For One decides to intercept Star and her fleet to get his hands on her overpowered quirk before she can enter Japanese airspace. Although Endeavor, Hawks, and Best Jeanist are headed to the rendezvous point, Star makes a gamble in the present to save her comrades.<br>\n' +
        '<br>\n' +
        '(Source: MAL Rewrite)<br>\n' +
        '<br>\n' +
        "<i>Note: The season was preceded by a 4-episode special titled 'Boku no Hero Academia: Memories' recapping events from the 6th season along with adding a few minutes of new material each episode.</i>",
      format: 'TV',
      averageScore: 78,
      popularity: 89123,
      nextAiringEpisode: [Object],
      startDate: [Object],
      endDate: [Object],
      trailer: [Object]
    },
    {
      id: 171457,
      idMal: 57524,
      status: 'RELEASING',
      title: [Object],
      bannerImage: 'https://s4.anilist.co/file/anilistcdn/media/anime/banner/171457-VBH6gmvCKHwV.jpg',
      coverImage: [Object],
      episodes: 12,
      duration: 24,
      genres: [Array],
      description: 'Kazuhiko Nukumizu is a high school boy content to blend in with the background mob, until he witnessed his more popular classmate Anna Yanami get dumped by her childhood friend. He felt like he had to try to comfort Yanami, but this led him to become entangled with other girls who have met defeat at love?',
      format: 'TV',
      averageScore: 81,
      popularity: 44935,
      nextAiringEpisode: [Object],
      startDate: [Object],
      endDate: [Object],
      trailer: [Object]
    },
    {
      id: 156822,
      idMal: 53580,
      status: 'RELEASING',
      title: [Object],
      bannerImage: 'https://s4.anilist.co/file/anilistcdn/media/anime/banner/156822-y0wPQIl3AHDA.jpg',
      coverImage: [Object],
      episodes: 24,
      duration: 24,
      genres: [Array],
      description: 'The third season of <i>Tensei Shitara Slime Datta Ken</i>.<br><br>\n' +
        "Rimuru has officially become a Demon Lord after defeating Clayman. Following Walpurgis, the Demon Lords' banquet, Rimuru's domain is expanded to include the entire Great Forest of Jura. Anticipating a flood of representatives from all races showing up to pay their respects, Rimuru decides to throw a festival to commemorate the opening of Tempest, using it as an opportunity to gain new citizens and present Demon Lord Rimuru to the world. Meanwhile, in the Holy Empire of Lubelius, home base of the monster-hating cult of Luminism, Holy Knight Captain Hinata receives a message from Rimuru. But the message is actually a fabricated declaration of war sent by some unknown party. Upon learning that Hinata is heading for Tempest, Rimuru makes a decision... Thus begins a new challenge for Rimuru, striving to distinguish friend from foe in his pursuit of the ideal nation where humans and monsters can prosper together. <br><br>\n" +
        '(Source: Crunchyroll)\n',
      format: 'TV',
      averageScore: 78,
      popularity: 99326,
      nextAiringEpisode: [Object],
      startDate: [Object],
      endDate: [Object],
      trailer: [Object]
    }
  ]
}
 GET /en 200 in 1579ms
{
  trendData: [
    {
      id: 163292,
      idMal: 54913,
      status: 'RELEASING',
      title: [Object],
      bannerImage: 'https://s4.anilist.co/file/anilistcdn/media/anime/banner/163292-XOC86gRVHGOo.jpg',
      coverImage: [Object],
      episodes: 12,
      duration: 24,
      genres: [Array],
      description: '<i>"Why should it matter how old you are if you want to start something new?"</i><br><br>\n' +
        '\n' +
        "The strongest guy around, who also happens to be middle-aged, strives to be an adventurer! Everyone seems to think you should pursue your dreams while you're still young, but there's one man who just can't give up. In a world where most people who become adventurers do so in their teens, a guild employee in his thirties, Rick Gladiator, seeks to become an adventurer instead. After receiving unimaginably brutal training from the legendary party renowned as the strongest on the continent, Orichalcum Fist, he ends up with combat abilities worthy of S-rank status despite starting out as an F-rank rookie! <br><br>\n" +
        '(Source: Crunchyroll)',
      format: 'TV',
      averageScore: 67,
      popularity: 28103,
      nextAiringEpisode: [Object],
      startDate: [Object],
      endDate: [Object],
      trailer: [Object]
    },
    {
      id: 145728,
      idMal: 51122,
      status: 'RELEASING',
      title: [Object],
      bannerImage: 'https://s4.anilist.co/file/anilistcdn/media/anime/banner/145728-v6NGBJOQs8Kh.jpg',
      coverImage: [Object],
      episodes: 25,
      duration: 24,
      genres: [Array],
      description: 'Lawrence is a traveling merchant selling various goods from a horse-drawn cart. One day, he arrives at a village and meets a beautiful girl with the ears and tail of an animal! Her name is Holo the Wisewolf and she brings bountiful harvests. She wishes to return to her homeland, and Lawrence offers to take her. Now, the once-lonely merchant and the once-lonely wisewolf begin their journey north.<br>\n' +
        '<br>\n' +
        '(Source: Crunchyroll)',
      format: 'TV',
      averageScore: 77,
      popularity: 61950,
      nextAiringEpisode: [Object],
      startDate: [Object],
      endDate: [Object],
      trailer: [Object]
    },
    {
      id: 153406,
      idMal: 52635,
      status: 'RELEASING',
      title: [Object],
      bannerImage: 'https://s4.anilist.co/file/anilistcdn/media/anime/banner/153406-wP0TEqBVxY0V.jpg',
      coverImage: [Object],
      episodes: null,
      duration: 24,
      genres: [Array],
      description: 'The second season of <i>Kami no Tou: Tower of God</i>.\n' +
        '<br><br>\n' +
        'Ja Wangnan can’t seem to pass the 20th Floor. Even after failing time and time again, he refuses to give up. On his journey, he meets a mysterious and powerful character named Viole. Wangnan invites Viole to join his team of Regulars. Their journey continues with new challenges at every turn.\n' +
        '<br><br>\n' +
        '(Source: Crunchyroll)',
      format: 'TV',
      averageScore: 70,
      popularity: 72981,
      nextAiringEpisode: [Object],
      startDate: [Object],
      endDate: [Object],
      trailer: [Object]
    },
    {
      id: 174576,
      idMal: 58059,
      status: 'RELEASING',
      title: [Object],
      bannerImage: 'https://s4.anilist.co/file/anilistcdn/media/anime/banner/174576-6stJnscy5rCi.jpg',
      coverImage: [Object],
      episodes: 12,
      duration: 24,
      genres: [Array],
      description: "A hard-working boy named Will enters a magic academy in hopes of becoming a great sorcerer. Unfortunately, there's a fatal flaw in his plan: he lacks the ability to use magic. Amid the cold stares of his classmates and instructors, Will feels discouraged at times, but he presses forward with unwavering determination. He can't use a wand, but he can wield a sword in his battle to reach the top of a magic-dominated world. He just needs to believe in his own unique strengths and remember the promise he made with someone precious to him...\n" +
        '<br><br>\n' +
        '(Source: Crunchyroll)',
      format: 'TV',
      averageScore: 76,
      popularity: 54823,
      nextAiringEpisode: [Object],
      startDate: [Object],
      endDate: [Object],
      trailer: [Object]
    },
    {
      id: 163139,
      idMal: 54789,
      status: 'RELEASING',
      title: [Object],
      bannerImage: 'https://s4.anilist.co/file/anilistcdn/media/anime/banner/163139-I6UpRghBPVor.jpg',
      coverImage: [Object],
      episodes: 21,
      duration: 24,
      genres: [Array],
      description: 'The seventh season of <i>Boku no Hero Academia</i>.<br>\n' +
        '<br>\n' +
        'Following an all-out battle with the Paranormal Liberation Front, it is difficult for the people of Japan to continue placing faith in their heroes. To combat the combined power of Tomura Shigaraki and All For One, All Might calls for his ally from the West—the strongest woman on the planet, Star and Stripe.<br>\n' +
        '<br>\n' +
        'However, All For One decides to intercept Star and her fleet to get his hands on her overpowered quirk before she can enter Japanese airspace. Although Endeavor, Hawks, and Best Jeanist are headed to the rendezvous point, Star makes a gamble in the present to save her comrades.<br>\n' +
        '<br>\n' +
        '(Source: MAL Rewrite)<br>\n' +
        '<br>\n' +
        "<i>Note: The season was preceded by a 4-episode special titled 'Boku no Hero Academia: Memories' recapping events from the 6th season along with adding a few minutes of new material each episode.</i>",
      format: 'TV',
      averageScore: 78,
      popularity: 89123,
      nextAiringEpisode: [Object],
      startDate: [Object],
      endDate: [Object],
      trailer: [Object]
    },
    {
      id: 171457,
      idMal: 57524,
      status: 'RELEASING',
      title: [Object],
      bannerImage: 'https://s4.anilist.co/file/anilistcdn/media/anime/banner/171457-VBH6gmvCKHwV.jpg',
      coverImage: [Object],
      episodes: 12,
      duration: 24,
      genres: [Array],
      description: 'Kazuhiko Nukumizu is a high school boy content to blend in with the background mob, until he witnessed his more popular classmate Anna Yanami get dumped by her childhood friend. He felt like he had to try to comfort Yanami, but this led him to become entangled with other girls who have met defeat at love?',
      format: 'TV',
      averageScore: 81,
      popularity: 44935,
      nextAiringEpisode: [Object],
      startDate: [Object],
      endDate: [Object],
      trailer: [Object]
    },
    {
      id: 156822,
      idMal: 53580,
      status: 'RELEASING',
      title: [Object],
      bannerImage: 'https://s4.anilist.co/file/anilistcdn/media/anime/banner/156822-y0wPQIl3AHDA.jpg',
      coverImage: [Object],
      episodes: 24,
      duration: 24,
      genres: [Array],
      description: 'The third season of <i>Tensei Shitara Slime Datta Ken</i>.<br><br>\n' +
        "Rimuru has officially become a Demon Lord after defeating Clayman. Following Walpurgis, the Demon Lords' banquet, Rimuru's domain is expanded to include the entire Great Forest of Jura. Anticipating a flood of representatives from all races showing up to pay their respects, Rimuru decides to throw a festival to commemorate the opening of Tempest, using it as an opportunity to gain new citizens and present Demon Lord Rimuru to the world. Meanwhile, in the Holy Empire of Lubelius, home base of the monster-hating cult of Luminism, Holy Knight Captain Hinata receives a message from Rimuru. But the message is actually a fabricated declaration of war sent by some unknown party. Upon learning that Hinata is heading for Tempest, Rimuru makes a decision... Thus begins a new challenge for Rimuru, striving to distinguish friend from foe in his pursuit of the ideal nation where humans and monsters can prosper together. <br><br>\n" +
        '(Source: Crunchyroll)\n',
      format: 'TV',
      averageScore: 78,
      popularity: 99326,
      nextAiringEpisode: [Object],
      startDate: [Object],
      endDate: [Object],
      trailer: [Object]
    }
  ]
}
 GET /en 200 in 1287ms
 GET /api/v2/etc/recent/1 304 in 255ms
 ⨯ Error: Cannot find module './chunks/undefined'
Require stack:
- /root/1anime/.next/server/webpack-api-runtime.js
- /root/1anime/.next/server/pages/api/v2/admin/broadcast.js
- /root/1anime/node_modules/next/dist/server/future/helpers/module-loader/node-module-loader.js
- /root/1anime/node_modules/next/dist/server/future/helpers/module-loader/route-module-loader.js
- /root/1anime/node_modules/next/dist/server/next-server.js
- /root/1anime/node_modules/next/dist/server/dev/next-dev-server.js
- /root/1anime/node_modules/next/dist/server/next.js
- /root/1anime/node_modules/next/dist/server/lib/start-server.js
    at Module._resolveFilename (node:internal/modules/cjs/loader:1140:15)
    at /root/1anime/node_modules/next/dist/server/require-hook.js:55:36
    at Module._load (node:internal/modules/cjs/loader:981:27)
    at Module.require (node:internal/modules/cjs/loader:1231:19)
    at mod.require (/root/1anime/node_modules/next/dist/server/require-hook.js:65:28)
    at require (node:internal/modules/helpers:177:18)
    at o.f.require (/root/1anime/.next/server/webpack-api-runtime.js:1:1882)
    at /root/1anime/.next/server/webpack-api-runtime.js:1:1361
    at Array.reduce (<anonymous>)
    at o.e (/root/1anime/.next/server/webpack-api-runtime.js:1:1340)
    at Array.map (<anonymous>)
    at o.X (/root/1anime/.next/server/webpack-api-runtime.js:1:1653)
    at /root/1anime/.next/server/pages/api/auth/[...nextauth].js:63:47
    at Object.<anonymous> (/root/1anime/.next/server/pages/api/auth/[...nextauth].js:66:3)
    at Module._compile (node:internal/modules/cjs/loader:1364:14) {
  code: 'MODULE_NOT_FOUND',
  requireStack: [
    '/root/1anime/.next/server/webpack-api-runtime.js',
    '/root/1anime/.next/server/pages/api/v2/admin/broadcast.js',
    '/root/1anime/node_modules/next/dist/server/future/helpers/module-loader/node-module-loader.js',
    '/root/1anime/node_modules/next/dist/server/future/helpers/module-loader/route-module-loader.js',
    '/root/1anime/node_modules/next/dist/server/next-server.js',
    '/root/1anime/node_modules/next/dist/server/dev/next-dev-server.js',
    '/root/1anime/node_modules/next/dist/server/next.js',
    '/root/1anime/node_modules/next/dist/server/lib/start-server.js'
  ]
}
 GET /api/auth/session 500 in 13ms
 ⨯ Error: Cannot find module './chunks/undefined'
Require stack:
- /root/1anime/.next/server/webpack-api-runtime.js
- /root/1anime/.next/server/pages/api/v2/admin/broadcast.js
- /root/1anime/node_modules/next/dist/server/future/helpers/module-loader/node-module-loader.js
- /root/1anime/node_modules/next/dist/server/future/helpers/module-loader/route-module-loader.js
- /root/1anime/node_modules/next/dist/server/next-server.js
- /root/1anime/node_modules/next/dist/server/dev/next-dev-server.js
- /root/1anime/node_modules/next/dist/server/next.js
- /root/1anime/node_modules/next/dist/server/lib/start-server.js
    at Module._resolveFilename (node:internal/modules/cjs/loader:1140:15)
    at /root/1anime/node_modules/next/dist/server/require-hook.js:55:36
    at Module._load (node:internal/modules/cjs/loader:981:27)
    at Module.require (node:internal/modules/cjs/loader:1231:19)
    at mod.require (/root/1anime/node_modules/next/dist/server/require-hook.js:65:28)
    at require (node:internal/modules/helpers:177:18)
    at o.f.require (/root/1anime/.next/server/webpack-api-runtime.js:1:1882)
    at /root/1anime/.next/server/webpack-api-runtime.js:1:1361
    at Array.reduce (<anonymous>)
    at o.e (/root/1anime/.next/server/webpack-api-runtime.js:1:1340)
    at Array.map (<anonymous>)
    at o.X (/root/1anime/.next/server/webpack-api-runtime.js:1:1653)
    at /root/1anime/.next/server/pages/api/v2/admin/broadcast.js:93:47
    at Object.<anonymous> (/root/1anime/.next/server/pages/api/v2/admin/broadcast.js:96:3)
    at Module._compile (node:internal/modules/cjs/loader:1364:14) {
  code: 'MODULE_NOT_FOUND',
  requireStack: [
    '/root/1anime/.next/server/webpack-api-runtime.js',
    '/root/1anime/.next/server/pages/api/v2/admin/broadcast.js',
    '/root/1anime/node_modules/next/dist/server/future/helpers/module-loader/node-module-loader.js',
    '/root/1anime/node_modules/next/dist/server/future/helpers/module-loader/route-module-loader.js',
    '/root/1anime/node_modules/next/dist/server/next-server.js',
    '/root/1anime/node_modules/next/dist/server/dev/next-dev-server.js',
    '/root/1anime/node_modules/next/dist/server/next.js',
    '/root/1anime/node_modules/next/dist/server/lib/start-server.js'
  ]
}
 GET /api/v2/admin/broadcast 500 in 12ms
 ⨯ Error: Cannot find module './chunks/undefined'
Require stack:
- /root/1anime/.next/server/webpack-api-runtime.js
- /root/1anime/.next/server/pages/api/v2/admin/broadcast.js
- /root/1anime/node_modules/next/dist/server/future/helpers/module-loader/node-module-loader.js
- /root/1anime/node_modules/next/dist/server/future/helpers/module-loader/route-module-loader.js
- /root/1anime/node_modules/next/dist/server/next-server.js
- /root/1anime/node_modules/next/dist/server/dev/next-dev-server.js
- /root/1anime/node_modules/next/dist/server/next.js
- /root/1anime/node_modules/next/dist/server/lib/start-server.js
    at Module._resolveFilename (node:internal/modules/cjs/loader:1140:15)
    at /root/1anime/node_modules/next/dist/server/require-hook.js:55:36
    at Module._load (node:internal/modules/cjs/loader:981:27)
    at Module.require (node:internal/modules/cjs/loader:1231:19)
    at mod.require (/root/1anime/node_modules/next/dist/server/require-hook.js:65:28)
    at require (node:internal/modules/helpers:177:18)
    at o.f.require (/root/1anime/.next/server/webpack-api-runtime.js:1:1882)
    at /root/1anime/.next/server/webpack-api-runtime.js:1:1361
    at Array.reduce (<anonymous>)
    at o.e (/root/1anime/.next/server/webpack-api-runtime.js:1:1340)
    at Array.map (<anonymous>)
    at o.X (/root/1anime/.next/server/webpack-api-runtime.js:1:1653)
    at /root/1anime/.next/server/pages/api/auth/[...nextauth].js:63:47
    at Object.<anonymous> (/root/1anime/.next/server/pages/api/auth/[...nextauth].js:66:3)
    at Module._compile (node:internal/modules/cjs/loader:1364:14) {
  code: 'MODULE_NOT_FOUND',
  requireStack: [
    '/root/1anime/.next/server/webpack-api-runtime.js',
    '/root/1anime/.next/server/pages/api/v2/admin/broadcast.js',
    '/root/1anime/node_modules/next/dist/server/future/helpers/module-loader/node-module-loader.js',
    '/root/1anime/node_modules/next/dist/server/future/helpers/module-loader/route-module-loader.js',
    '/root/1anime/node_modules/next/dist/server/next-server.js',
    '/root/1anime/node_modules/next/dist/server/dev/next-dev-server.js',
    '/root/1anime/node_modules/next/dist/server/next.js',
    '/root/1anime/node_modules/next/dist/server/lib/start-server.js'
  ]
}
 POST /api/auth/_log 500 in 12ms
{
  trendData: [
    {
      id: 163292,
      idMal: 54913,
      status: 'RELEASING',
      title: [Object],
      bannerImage: 'https://s4.anilist.co/file/anilistcdn/media/anime/banner/163292-XOC86gRVHGOo.jpg',
      coverImage: [Object],
      episodes: 12,
      duration: 24,
      genres: [Array],
      description: '<i>"Why should it matter how old you are if you want to start something new?"</i><br><br>\n' +
        '\n' +
        "The strongest guy around, who also happens to be middle-aged, strives to be an adventurer! Everyone seems to think you should pursue your dreams while you're still young, but there's one man who just can't give up. In a world where most people who become adventurers do so in their teens, a guild employee in his thirties, Rick Gladiator, seeks to become an adventurer instead. After receiving unimaginably brutal training from the legendary party renowned as the strongest on the continent, Orichalcum Fist, he ends up with combat abilities worthy of S-rank status despite starting out as an F-rank rookie! <br><br>\n" +
        '(Source: Crunchyroll)',
      format: 'TV',
      averageScore: 67,
      popularity: 28103,
      nextAiringEpisode: [Object],
      startDate: [Object],
      endDate: [Object],
      trailer: [Object]
    },
    {
      id: 145728,
      idMal: 51122,
      status: 'RELEASING',
      title: [Object],
      bannerImage: 'https://s4.anilist.co/file/anilistcdn/media/anime/banner/145728-v6NGBJOQs8Kh.jpg',
      coverImage: [Object],
      episodes: 25,
      duration: 24,
      genres: [Array],
      description: 'Lawrence is a traveling merchant selling various goods from a horse-drawn cart. One day, he arrives at a village and meets a beautiful girl with the ears and tail of an animal! Her name is Holo the Wisewolf and she brings bountiful harvests. She wishes to return to her homeland, and Lawrence offers to take her. Now, the once-lonely merchant and the once-lonely wisewolf begin their journey north.<br>\n' +
        '<br>\n' +
        '(Source: Crunchyroll)',
      format: 'TV',
      averageScore: 77,
      popularity: 61950,
      nextAiringEpisode: [Object],
      startDate: [Object],
      endDate: [Object],
      trailer: [Object]
    },
    {
      id: 153406,
      idMal: 52635,
      status: 'RELEASING',
      title: [Object],
      bannerImage: 'https://s4.anilist.co/file/anilistcdn/media/anime/banner/153406-wP0TEqBVxY0V.jpg',
      coverImage: [Object],
      episodes: null,
      duration: 24,
      genres: [Array],
      description: 'The second season of <i>Kami no Tou: Tower of God</i>.\n' +
        '<br><br>\n' +
        'Ja Wangnan can’t seem to pass the 20th Floor. Even after failing time and time again, he refuses to give up. On his journey, he meets a mysterious and powerful character named Viole. Wangnan invites Viole to join his team of Regulars. Their journey continues with new challenges at every turn.\n' +
        '<br><br>\n' +
        '(Source: Crunchyroll)',
      format: 'TV',
      averageScore: 70,
      popularity: 72981,
      nextAiringEpisode: [Object],
      startDate: [Object],
      endDate: [Object],
      trailer: [Object]
    },
    {
      id: 174576,
      idMal: 58059,
      status: 'RELEASING',
      title: [Object],
      bannerImage: 'https://s4.anilist.co/file/anilistcdn/media/anime/banner/174576-6stJnscy5rCi.jpg',
      coverImage: [Object],
      episodes: 12,
      duration: 24,
      genres: [Array],
      description: "A hard-working boy named Will enters a magic academy in hopes of becoming a great sorcerer. Unfortunately, there's a fatal flaw in his plan: he lacks the ability to use magic. Amid the cold stares of his classmates and instructors, Will feels discouraged at times, but he presses forward with unwavering determination. He can't use a wand, but he can wield a sword in his battle to reach the top of a magic-dominated world. He just needs to believe in his own unique strengths and remember the promise he made with someone precious to him...\n" +
        '<br><br>\n' +
        '(Source: Crunchyroll)',
      format: 'TV',
      averageScore: 76,
      popularity: 54823,
      nextAiringEpisode: [Object],
      startDate: [Object],
      endDate: [Object],
      trailer: [Object]
    },
    {
      id: 163139,
      idMal: 54789,
      status: 'RELEASING',
      title: [Object],
      bannerImage: 'https://s4.anilist.co/file/anilistcdn/media/anime/banner/163139-I6UpRghBPVor.jpg',
      coverImage: [Object],
      episodes: 21,
      duration: 24,
      genres: [Array],
      description: 'The seventh season of <i>Boku no Hero Academia</i>.<br>\n' +
        '<br>\n' +
        'Following an all-out battle with the Paranormal Liberation Front, it is difficult for the people of Japan to continue placing faith in their heroes. To combat the combined power of Tomura Shigaraki and All For One, All Might calls for his ally from the West—the strongest woman on the planet, Star and Stripe.<br>\n' +
        '<br>\n' +
        'However, All For One decides to intercept Star and her fleet to get his hands on her overpowered quirk before she can enter Japanese airspace. Although Endeavor, Hawks, and Best Jeanist are headed to the rendezvous point, Star makes a gamble in the present to save her comrades.<br>\n' +
        '<br>\n' +
        '(Source: MAL Rewrite)<br>\n' +
        '<br>\n' +
        "<i>Note: The season was preceded by a 4-episode special titled 'Boku no Hero Academia: Memories' recapping events from the 6th season along with adding a few minutes of new material each episode.</i>",
      format: 'TV',
      averageScore: 78,
      popularity: 89123,
      nextAiringEpisode: [Object],
      startDate: [Object],
      endDate: [Object],
      trailer: [Object]
    },
    {
      id: 171457,
      idMal: 57524,
      status: 'RELEASING',
      title: [Object],
      bannerImage: 'https://s4.anilist.co/file/anilistcdn/media/anime/banner/171457-VBH6gmvCKHwV.jpg',
      coverImage: [Object],
      episodes: 12,
      duration: 24,
      genres: [Array],
      description: 'Kazuhiko Nukumizu is a high school boy content to blend in with the background mob, until he witnessed his more popular classmate Anna Yanami get dumped by her childhood friend. He felt like he had to try to comfort Yanami, but this led him to become entangled with other girls who have met defeat at love?',
      format: 'TV',
      averageScore: 81,
      popularity: 44935,
      nextAiringEpisode: [Object],
      startDate: [Object],
      endDate: [Object],
      trailer: [Object]
    },
    {
      id: 156822,
      idMal: 53580,
      status: 'RELEASING',
      title: [Object],
      bannerImage: 'https://s4.anilist.co/file/anilistcdn/media/anime/banner/156822-y0wPQIl3AHDA.jpg',
      coverImage: [Object],
      episodes: 24,
      duration: 24,
      genres: [Array],
      description: 'The third season of <i>Tensei Shitara Slime Datta Ken</i>.<br><br>\n' +
        "Rimuru has officially become a Demon Lord after defeating Clayman. Following Walpurgis, the Demon Lords' banquet, Rimuru's domain is expanded to include the entire Great Forest of Jura. Anticipating a flood of representatives from all races showing up to pay their respects, Rimuru decides to throw a festival to commemorate the opening of Tempest, using it as an opportunity to gain new citizens and present Demon Lord Rimuru to the world. Meanwhile, in the Holy Empire of Lubelius, home base of the monster-hating cult of Luminism, Holy Knight Captain Hinata receives a message from Rimuru. But the message is actually a fabricated declaration of war sent by some unknown party. Upon learning that Hinata is heading for Tempest, Rimuru makes a decision... Thus begins a new challenge for Rimuru, striving to distinguish friend from foe in his pursuit of the ideal nation where humans and monsters can prosper together. <br><br>\n" +
        '(Source: Crunchyroll)\n',
      format: 'TV',
      averageScore: 78,
      popularity: 99326,
      nextAiringEpisode: [Object],
      startDate: [Object],
      endDate: [Object],
      trailer: [Object]
    }
  ]
}
 GET /en 200 in 1264ms
 ⨯ Error: Cannot find module './chunks/undefined'
Require stack:
- /root/1anime/.next/server/webpack-api-runtime.js
- /root/1anime/.next/server/pages/api/v2/admin/broadcast.js
- /root/1anime/node_modules/next/dist/server/future/helpers/module-loader/node-module-loader.js
- /root/1anime/node_modules/next/dist/server/future/helpers/module-loader/route-module-loader.js
- /root/1anime/node_modules/next/dist/server/next-server.js
- /root/1anime/node_modules/next/dist/server/dev/next-dev-server.js
- /root/1anime/node_modules/next/dist/server/next.js
- /root/1anime/node_modules/next/dist/server/lib/start-server.js
    at Module._resolveFilename (node:internal/modules/cjs/loader:1140:15)
    at /root/1anime/node_modules/next/dist/server/require-hook.js:55:36
    at Module._load (node:internal/modules/cjs/loader:981:27)
    at Module.require (node:internal/modules/cjs/loader:1231:19)
    at mod.require (/root/1anime/node_modules/next/dist/server/require-hook.js:65:28)
    at require (node:internal/modules/helpers:177:18)
    at o.f.require (/root/1anime/.next/server/webpack-api-runtime.js:1:1882)
    at /root/1anime/.next/server/webpack-api-runtime.js:1:1361
    at Array.reduce (<anonymous>)
    at o.e (/root/1anime/.next/server/webpack-api-runtime.js:1:1340)
    at Array.map (<anonymous>)
    at o.X (/root/1anime/.next/server/webpack-api-runtime.js:1:1653)
    at /root/1anime/.next/server/pages/api/v2/admin/broadcast.js:93:47
    at Object.<anonymous> (/root/1anime/.next/server/pages/api/v2/admin/broadcast.js:96:3)
    at Module._compile (node:internal/modules/cjs/loader:1364:14) {
  code: 'MODULE_NOT_FOUND',
  requireStack: [
    '/root/1anime/.next/server/webpack-api-runtime.js',
    '/root/1anime/.next/server/pages/api/v2/admin/broadcast.js',
    '/root/1anime/node_modules/next/dist/server/future/helpers/module-loader/node-module-loader.js',
    '/root/1anime/node_modules/next/dist/server/future/helpers/module-loader/route-module-loader.js',
    '/root/1anime/node_modules/next/dist/server/next-server.js',
    '/root/1anime/node_modules/next/dist/server/dev/next-dev-server.js',
    '/root/1anime/node_modules/next/dist/server/next.js',
    '/root/1anime/node_modules/next/dist/server/lib/start-server.js'
  ]
}
 GET /api/v2/admin/broadcast 500 in 10ms
 ⨯ Error: Cannot find module './chunks/undefined'
Require stack:
- /root/1anime/.next/server/webpack-api-runtime.js
- /root/1anime/.next/server/pages/api/v2/admin/broadcast.js
- /root/1anime/node_modules/next/dist/server/future/helpers/module-loader/node-module-loader.js
- /root/1anime/node_modules/next/dist/server/future/helpers/module-loader/route-module-loader.js
- /root/1anime/node_modules/next/dist/server/next-server.js
- /root/1anime/node_modules/next/dist/server/dev/next-dev-server.js
- /root/1anime/node_modules/next/dist/server/next.js
- /root/1anime/node_modules/next/dist/server/lib/start-server.js
    at Module._resolveFilename (node:internal/modules/cjs/loader:1140:15)
    at /root/1anime/node_modules/next/dist/server/require-hook.js:55:36
    at Module._load (node:internal/modules/cjs/loader:981:27)
    at Module.require (node:internal/modules/cjs/loader:1231:19)
    at mod.require (/root/1anime/node_modules/next/dist/server/require-hook.js:65:28)
    at require (node:internal/modules/helpers:177:18)
    at o.f.require (/root/1anime/.next/server/webpack-api-runtime.js:1:1882)
    at /root/1anime/.next/server/webpack-api-runtime.js:1:1361
    at Array.reduce (<anonymous>)
    at o.e (/root/1anime/.next/server/webpack-api-runtime.js:1:1340)
    at Array.map (<anonymous>)
    at o.X (/root/1anime/.next/server/webpack-api-runtime.js:1:1653)
    at /root/1anime/.next/server/pages/api/auth/[...nextauth].js:63:47
    at Object.<anonymous> (/root/1anime/.next/server/pages/api/auth/[...nextauth].js:66:3)
    at Module._compile (node:internal/modules/cjs/loader:1364:14) {
  code: 'MODULE_NOT_FOUND',
  requireStack: [
    '/root/1anime/.next/server/webpack-api-runtime.js',
    '/root/1anime/.next/server/pages/api/v2/admin/broadcast.js',
    '/root/1anime/node_modules/next/dist/server/future/helpers/module-loader/node-module-loader.js',
    '/root/1anime/node_modules/next/dist/server/future/helpers/module-loader/route-module-loader.js',
    '/root/1anime/node_modules/next/dist/server/next-server.js',
    '/root/1anime/node_modules/next/dist/server/dev/next-dev-server.js',
    '/root/1anime/node_modules/next/dist/server/next.js',
    '/root/1anime/node_modules/next/dist/server/lib/start-server.js'
  ]
}
 GET /api/auth/session 500 in 9ms
 GET /api/v2/etc/recent/1 304 in 251ms
 ⨯ Error: Cannot find module './chunks/undefined'
Require stack:
- /root/1anime/.next/server/webpack-api-runtime.js
- /root/1anime/.next/server/pages/api/v2/admin/broadcast.js
- /root/1anime/node_modules/next/dist/server/future/helpers/module-loader/node-module-loader.js
- /root/1anime/node_modules/next/dist/server/future/helpers/module-loader/route-module-loader.js
- /root/1anime/node_modules/next/dist/server/next-server.js
- /root/1anime/node_modules/next/dist/server/dev/next-dev-server.js
- /root/1anime/node_modules/next/dist/server/next.js
- /root/1anime/node_modules/next/dist/server/lib/start-server.js
    at Module._resolveFilename (node:internal/modules/cjs/loader:1140:15)
    at /root/1anime/node_modules/next/dist/server/require-hook.js:55:36
    at Module._load (node:internal/modules/cjs/loader:981:27)
    at Module.require (node:internal/modules/cjs/loader:1231:19)
    at mod.require (/root/1anime/node_modules/next/dist/server/require-hook.js:65:28)
    at require (node:internal/modules/helpers:177:18)
    at o.f.require (/root/1anime/.next/server/webpack-api-runtime.js:1:1882)
    at /root/1anime/.next/server/webpack-api-runtime.js:1:1361
    at Array.reduce (<anonymous>)
    at o.e (/root/1anime/.next/server/webpack-api-runtime.js:1:1340)
    at Array.map (<anonymous>)
    at o.X (/root/1anime/.next/server/webpack-api-runtime.js:1:1653)
    at /root/1anime/.next/server/pages/api/auth/[...nextauth].js:63:47
    at Object.<anonymous> (/root/1anime/.next/server/pages/api/auth/[...nextauth].js:66:3)
    at Module._compile (node:internal/modules/cjs/loader:1364:14) {
  code: 'MODULE_NOT_FOUND',
  requireStack: [
    '/root/1anime/.next/server/webpack-api-runtime.js',
    '/root/1anime/.next/server/pages/api/v2/admin/broadcast.js',
    '/root/1anime/node_modules/next/dist/server/future/helpers/module-loader/node-module-loader.js',
    '/root/1anime/node_modules/next/dist/server/future/helpers/module-loader/route-module-loader.js',
    '/root/1anime/node_modules/next/dist/server/next-server.js',
    '/root/1anime/node_modules/next/dist/server/dev/next-dev-server.js',
    '/root/1anime/node_modules/next/dist/server/next.js',
    '/root/1anime/node_modules/next/dist/server/lib/start-server.js'
  ]
}
 POST /api/auth/_log 500 in 10ms
{
  trendData: [
    {
      id: 163292,
      idMal: 54913,
      status: 'RELEASING',
      title: [Object],
      bannerImage: 'https://s4.anilist.co/file/anilistcdn/media/anime/banner/163292-XOC86gRVHGOo.jpg',
      coverImage: [Object],
      episodes: 12,
      duration: 24,
      genres: [Array],
      description: '<i>"Why should it matter how old you are if you want to start something new?"</i><br><br>\n' +
        '\n' +
        "The strongest guy around, who also happens to be middle-aged, strives to be an adventurer! Everyone seems to think you should pursue your dreams while you're still young, but there's one man who just can't give up. In a world where most people who become adventurers do so in their teens, a guild employee in his thirties, Rick Gladiator, seeks to become an adventurer instead. After receiving unimaginably brutal training from the legendary party renowned as the strongest on the continent, Orichalcum Fist, he ends up with combat abilities worthy of S-rank status despite starting out as an F-rank rookie! <br><br>\n" +
        '(Source: Crunchyroll)',
      format: 'TV',
      averageScore: 67,
      popularity: 28103,
      nextAiringEpisode: [Object],
      startDate: [Object],
      endDate: [Object],
      trailer: [Object]
    },
    {
      id: 145728,
      idMal: 51122,
      status: 'RELEASING',
      title: [Object],
      bannerImage: 'https://s4.anilist.co/file/anilistcdn/media/anime/banner/145728-v6NGBJOQs8Kh.jpg',
      coverImage: [Object],
      episodes: 25,
      duration: 24,
      genres: [Array],
      description: 'Lawrence is a traveling merchant selling various goods from a horse-drawn cart. One day, he arrives at a village and meets a beautiful girl with the ears and tail of an animal! Her name is Holo the Wisewolf and she brings bountiful harvests. She wishes to return to her homeland, and Lawrence offers to take her. Now, the once-lonely merchant and the once-lonely wisewolf begin their journey north.<br>\n' +
        '<br>\n' +
        '(Source: Crunchyroll)',
      format: 'TV',
      averageScore: 77,
      popularity: 61950,
      nextAiringEpisode: [Object],
      startDate: [Object],
      endDate: [Object],
      trailer: [Object]
    },
    {
      id: 153406,
      idMal: 52635,
      status: 'RELEASING',
      title: [Object],
      bannerImage: 'https://s4.anilist.co/file/anilistcdn/media/anime/banner/153406-wP0TEqBVxY0V.jpg',
      coverImage: [Object],
      episodes: null,
      duration: 24,
      genres: [Array],
      description: 'The second season of <i>Kami no Tou: Tower of God</i>.\n' +
        '<br><br>\n' +
        'Ja Wangnan can’t seem to pass the 20th Floor. Even after failing time and time again, he refuses to give up. On his journey, he meets a mysterious and powerful character named Viole. Wangnan invites Viole to join his team of Regulars. Their journey continues with new challenges at every turn.\n' +
        '<br><br>\n' +
        '(Source: Crunchyroll)',
      format: 'TV',
      averageScore: 70,
      popularity: 72981,
      nextAiringEpisode: [Object],
      startDate: [Object],
      endDate: [Object],
      trailer: [Object]
    },
    {
      id: 174576,
      idMal: 58059,
      status: 'RELEASING',
      title: [Object],
      bannerImage: 'https://s4.anilist.co/file/anilistcdn/media/anime/banner/174576-6stJnscy5rCi.jpg',
      coverImage: [Object],
      episodes: 12,
      duration: 24,
      genres: [Array],
      description: "A hard-working boy named Will enters a magic academy in hopes of becoming a great sorcerer. Unfortunately, there's a fatal flaw in his plan: he lacks the ability to use magic. Amid the cold stares of his classmates and instructors, Will feels discouraged at times, but he presses forward with unwavering determination. He can't use a wand, but he can wield a sword in his battle to reach the top of a magic-dominated world. He just needs to believe in his own unique strengths and remember the promise he made with someone precious to him...\n" +
        '<br><br>\n' +
        '(Source: Crunchyroll)',
      format: 'TV',
      averageScore: 76,
      popularity: 54823,
      nextAiringEpisode: [Object],
      startDate: [Object],
      endDate: [Object],
      trailer: [Object]
    },
    {
      id: 163139,
      idMal: 54789,
      status: 'RELEASING',
      title: [Object],
      bannerImage: 'https://s4.anilist.co/file/anilistcdn/media/anime/banner/163139-I6UpRghBPVor.jpg',
      coverImage: [Object],
      episodes: 21,
      duration: 24,
      genres: [Array],
      description: 'The seventh season of <i>Boku no Hero Academia</i>.<br>\n' +
        '<br>\n' +
        'Following an all-out battle with the Paranormal Liberation Front, it is difficult for the people of Japan to continue placing faith in their heroes. To combat the combined power of Tomura Shigaraki and All For One, All Might calls for his ally from the West—the strongest woman on the planet, Star and Stripe.<br>\n' +
        '<br>\n' +
        'However, All For One decides to intercept Star and her fleet to get his hands on her overpowered quirk before she can enter Japanese airspace. Although Endeavor, Hawks, and Best Jeanist are headed to the rendezvous point, Star makes a gamble in the present to save her comrades.<br>\n' +
        '<br>\n' +
        '(Source: MAL Rewrite)<br>\n' +
        '<br>\n' +
        "<i>Note: The season was preceded by a 4-episode special titled 'Boku no Hero Academia: Memories' recapping events from the 6th season along with adding a few minutes of new material each episode.</i>",
      format: 'TV',
      averageScore: 78,
      popularity: 89123,
      nextAiringEpisode: [Object],
      startDate: [Object],
      endDate: [Object],
      trailer: [Object]
    },
    {
      id: 171457,
      idMal: 57524,
      status: 'RELEASING',
      title: [Object],
      bannerImage: 'https://s4.anilist.co/file/anilistcdn/media/anime/banner/171457-VBH6gmvCKHwV.jpg',
      coverImage: [Object],
      episodes: 12,
      duration: 24,
      genres: [Array],
      description: 'Kazuhiko Nukumizu is a high school boy content to blend in with the background mob, until he witnessed his more popular classmate Anna Yanami get dumped by her childhood friend. He felt like he had to try to comfort Yanami, but this led him to become entangled with other girls who have met defeat at love?',
      format: 'TV',
      averageScore: 81,
      popularity: 44935,
      nextAiringEpisode: [Object],
      startDate: [Object],
      endDate: [Object],
      trailer: [Object]
    },
    {
      id: 156822,
      idMal: 53580,
      status: 'RELEASING',
      title: [Object],
      bannerImage: 'https://s4.anilist.co/file/anilistcdn/media/anime/banner/156822-y0wPQIl3AHDA.jpg',
      coverImage: [Object],
      episodes: 24,
      duration: 24,
      genres: [Array],
      description: 'The third season of <i>Tensei Shitara Slime Datta Ken</i>.<br><br>\n' +
        "Rimuru has officially become a Demon Lord after defeating Clayman. Following Walpurgis, the Demon Lords' banquet, Rimuru's domain is expanded to include the entire Great Forest of Jura. Anticipating a flood of representatives from all races showing up to pay their respects, Rimuru decides to throw a festival to commemorate the opening of Tempest, using it as an opportunity to gain new citizens and present Demon Lord Rimuru to the world. Meanwhile, in the Holy Empire of Lubelius, home base of the monster-hating cult of Luminism, Holy Knight Captain Hinata receives a message from Rimuru. But the message is actually a fabricated declaration of war sent by some unknown party. Upon learning that Hinata is heading for Tempest, Rimuru makes a decision... Thus begins a new challenge for Rimuru, striving to distinguish friend from foe in his pursuit of the ideal nation where humans and monsters can prosper together. <br><br>\n" +
        '(Source: Crunchyroll)\n',
      format: 'TV',
      averageScore: 78,
      popularity: 99326,
      nextAiringEpisode: [Object],
      startDate: [Object],
      endDate: [Object],
      trailer: [Object]
    }
  ]
}
 GET /en 200 in 1442ms
 ⨯ Error: Cannot find module './chunks/undefined'
Require stack:
- /root/1anime/.next/server/webpack-api-runtime.js
- /root/1anime/.next/server/pages/api/v2/admin/broadcast.js
- /root/1anime/node_modules/next/dist/server/future/helpers/module-loader/node-module-loader.js
- /root/1anime/node_modules/next/dist/server/future/helpers/module-loader/route-module-loader.js
- /root/1anime/node_modules/next/dist/server/next-server.js
- /root/1anime/node_modules/next/dist/server/dev/next-dev-server.js
- /root/1anime/node_modules/next/dist/server/next.js
- /root/1anime/node_modules/next/dist/server/lib/start-server.js
    at Module._resolveFilename (node:internal/modules/cjs/loader:1140:15)
    at /root/1anime/node_modules/next/dist/server/require-hook.js:55:36
    at Module._load (node:internal/modules/cjs/loader:981:27)
    at Module.require (node:internal/modules/cjs/loader:1231:19)
    at mod.require (/root/1anime/node_modules/next/dist/server/require-hook.js:65:28)
    at require (node:internal/modules/helpers:177:18)
    at o.f.require (/root/1anime/.next/server/webpack-api-runtime.js:1:1882)
    at /root/1anime/.next/server/webpack-api-runtime.js:1:1361
    at Array.reduce (<anonymous>)
    at o.e (/root/1anime/.next/server/webpack-api-runtime.js:1:1340)
    at Array.map (<anonymous>)
    at o.X (/root/1anime/.next/server/webpack-api-runtime.js:1:1653)
    at /root/1anime/.next/server/pages/api/v2/admin/broadcast.js:93:47
    at Object.<anonymous> (/root/1anime/.next/server/pages/api/v2/admin/broadcast.js:96:3)
    at Module._compile (node:internal/modules/cjs/loader:1364:14) {
  code: 'MODULE_NOT_FOUND',
  requireStack: [
    '/root/1anime/.next/server/webpack-api-runtime.js',
    '/root/1anime/.next/server/pages/api/v2/admin/broadcast.js',
    '/root/1anime/node_modules/next/dist/server/future/helpers/module-loader/node-module-loader.js',
    '/root/1anime/node_modules/next/dist/server/future/helpers/module-loader/route-module-loader.js',
    '/root/1anime/node_modules/next/dist/server/next-server.js',
    '/root/1anime/node_modules/next/dist/server/dev/next-dev-server.js',
    '/root/1anime/node_modules/next/dist/server/next.js',
    '/root/1anime/node_modules/next/dist/server/lib/start-server.js'
  ]
}
 GET /api/v2/admin/broadcast 500 in 11ms
 ⨯ Error: Cannot find module './chunks/undefined'
Require stack:
- /root/1anime/.next/server/webpack-api-runtime.js
- /root/1anime/.next/server/pages/api/v2/admin/broadcast.js
- /root/1anime/node_modules/next/dist/server/future/helpers/module-loader/node-module-loader.js
- /root/1anime/node_modules/next/dist/server/future/helpers/module-loader/route-module-loader.js
- /root/1anime/node_modules/next/dist/server/next-server.js
- /root/1anime/node_modules/next/dist/server/dev/next-dev-server.js
- /root/1anime/node_modules/next/dist/server/next.js
- /root/1anime/node_modules/next/dist/server/lib/start-server.js
    at Module._resolveFilename (node:internal/modules/cjs/loader:1140:15)
    at /root/1anime/node_modules/next/dist/server/require-hook.js:55:36
    at Module._load (node:internal/modules/cjs/loader:981:27)
    at Module.require (node:internal/modules/cjs/loader:1231:19)
    at mod.require (/root/1anime/node_modules/next/dist/server/require-hook.js:65:28)
    at require (node:internal/modules/helpers:177:18)
    at o.f.require (/root/1anime/.next/server/webpack-api-runtime.js:1:1882)
    at /root/1anime/.next/server/webpack-api-runtime.js:1:1361
    at Array.reduce (<anonymous>)
    at o.e (/root/1anime/.next/server/webpack-api-runtime.js:1:1340)
    at Array.map (<anonymous>)
    at o.X (/root/1anime/.next/server/webpack-api-runtime.js:1:1653)
    at /root/1anime/.next/server/pages/api/auth/[...nextauth].js:63:47
    at Object.<anonymous> (/root/1anime/.next/server/pages/api/auth/[...nextauth].js:66:3)
    at Module._compile (node:internal/modules/cjs/loader:1364:14) {
  code: 'MODULE_NOT_FOUND',
  requireStack: [
    '/root/1anime/.next/server/webpack-api-runtime.js',
    '/root/1anime/.next/server/pages/api/v2/admin/broadcast.js',
    '/root/1anime/node_modules/next/dist/server/future/helpers/module-loader/node-module-loader.js',
    '/root/1anime/node_modules/next/dist/server/future/helpers/module-loader/route-module-loader.js',
    '/root/1anime/node_modules/next/dist/server/next-server.js',
    '/root/1anime/node_modules/next/dist/server/dev/next-dev-server.js',
    '/root/1anime/node_modules/next/dist/server/next.js',
    '/root/1anime/node_modules/next/dist/server/lib/start-server.js'
  ]
}
 GET /api/auth/session 500 in 9ms
 GET /api/v2/etc/recent/1 304 in 253ms
 ⨯ Error: Cannot find module './chunks/undefined'
Require stack:
- /root/1anime/.next/server/webpack-api-runtime.js
- /root/1anime/.next/server/pages/api/v2/admin/broadcast.js
- /root/1anime/node_modules/next/dist/server/future/helpers/module-loader/node-module-loader.js
- /root/1anime/node_modules/next/dist/server/future/helpers/module-loader/route-module-loader.js
- /root/1anime/node_modules/next/dist/server/next-server.js
- /root/1anime/node_modules/next/dist/server/dev/next-dev-server.js
- /root/1anime/node_modules/next/dist/server/next.js
- /root/1anime/node_modules/next/dist/server/lib/start-server.js
    at Module._resolveFilename (node:internal/modules/cjs/loader:1140:15)
    at /root/1anime/node_modules/next/dist/server/require-hook.js:55:36
    at Module._load (node:internal/modules/cjs/loader:981:27)
    at Module.require (node:internal/modules/cjs/loader:1231:19)
    at mod.require (/root/1anime/node_modules/next/dist/server/require-hook.js:65:28)
    at require (node:internal/modules/helpers:177:18)
    at o.f.require (/root/1anime/.next/server/webpack-api-runtime.js:1:1882)
    at /root/1anime/.next/server/webpack-api-runtime.js:1:1361
    at Array.reduce (<anonymous>)
    at o.e (/root/1anime/.next/server/webpack-api-runtime.js:1:1340)
    at Array.map (<anonymous>)
    at o.X (/root/1anime/.next/server/webpack-api-runtime.js:1:1653)
    at /root/1anime/.next/server/pages/api/auth/[...nextauth].js:63:47
    at Object.<anonymous> (/root/1anime/.next/server/pages/api/auth/[...nextauth].js:66:3)
    at Module._compile (node:internal/modules/cjs/loader:1364:14) {
  code: 'MODULE_NOT_FOUND',
  requireStack: [
    '/root/1anime/.next/server/webpack-api-runtime.js',
    '/root/1anime/.next/server/pages/api/v2/admin/broadcast.js',
    '/root/1anime/node_modules/next/dist/server/future/helpers/module-loader/node-module-loader.js',
    '/root/1anime/node_modules/next/dist/server/future/helpers/module-loader/route-module-loader.js',
    '/root/1anime/node_modules/next/dist/server/next-server.js',
    '/root/1anime/node_modules/next/dist/server/dev/next-dev-server.js',
    '/root/1anime/node_modules/next/dist/server/next.js',
    '/root/1anime/node_modules/next/dist/server/lib/start-server.js'
  ]
}
 POST /api/auth/_log 500 in 9ms
{
  trendData: [
    {
      id: 163292,
      idMal: 54913,
      status: 'RELEASING',
      title: [Object],
      bannerImage: 'https://s4.anilist.co/file/anilistcdn/media/anime/banner/163292-XOC86gRVHGOo.jpg',
      coverImage: [Object],
      episodes: 12,
      duration: 24,
      genres: [Array],
      description: '<i>"Why should it matter how old you are if you want to start something new?"</i><br><br>\n' +
        '\n' +
        "The strongest guy around, who also happens to be middle-aged, strives to be an adventurer! Everyone seems to think you should pursue your dreams while you're still young, but there's one man who just can't give up. In a world where most people who become adventurers do so in their teens, a guild employee in his thirties, Rick Gladiator, seeks to become an adventurer instead. After receiving unimaginably brutal training from the legendary party renowned as the strongest on the continent, Orichalcum Fist, he ends up with combat abilities worthy of S-rank status despite starting out as an F-rank rookie! <br><br>\n" +
        '(Source: Crunchyroll)',
      format: 'TV',
      averageScore: 67,
      popularity: 28103,
      nextAiringEpisode: [Object],
      startDate: [Object],
      endDate: [Object],
      trailer: [Object]
    },
    {
      id: 145728,
      idMal: 51122,
      status: 'RELEASING',
      title: [Object],
      bannerImage: 'https://s4.anilist.co/file/anilistcdn/media/anime/banner/145728-v6NGBJOQs8Kh.jpg',
      coverImage: [Object],
      episodes: 25,
      duration: 24,
      genres: [Array],
      description: 'Lawrence is a traveling merchant selling various goods from a horse-drawn cart. One day, he arrives at a village and meets a beautiful girl with the ears and tail of an animal! Her name is Holo the Wisewolf and she brings bountiful harvests. She wishes to return to her homeland, and Lawrence offers to take her. Now, the once-lonely merchant and the once-lonely wisewolf begin their journey north.<br>\n' +
        '<br>\n' +
        '(Source: Crunchyroll)',
      format: 'TV',
      averageScore: 77,
      popularity: 61950,
      nextAiringEpisode: [Object],
      startDate: [Object],
      endDate: [Object],
      trailer: [Object]
    },
    {
      id: 153406,
      idMal: 52635,
      status: 'RELEASING',
      title: [Object],
      bannerImage: 'https://s4.anilist.co/file/anilistcdn/media/anime/banner/153406-wP0TEqBVxY0V.jpg',
      coverImage: [Object],
      episodes: null,
      duration: 24,
      genres: [Array],
      description: 'The second season of <i>Kami no Tou: Tower of God</i>.\n' +
        '<br><br>\n' +
        'Ja Wangnan can’t seem to pass the 20th Floor. Even after failing time and time again, he refuses to give up. On his journey, he meets a mysterious and powerful character named Viole. Wangnan invites Viole to join his team of Regulars. Their journey continues with new challenges at every turn.\n' +
        '<br><br>\n' +
        '(Source: Crunchyroll)',
      format: 'TV',
      averageScore: 70,
      popularity: 72981,
      nextAiringEpisode: [Object],
      startDate: [Object],
      endDate: [Object],
      trailer: [Object]
    },
    {
      id: 174576,
      idMal: 58059,
      status: 'RELEASING',
      title: [Object],
      bannerImage: 'https://s4.anilist.co/file/anilistcdn/media/anime/banner/174576-6stJnscy5rCi.jpg',
      coverImage: [Object],
      episodes: 12,
      duration: 24,
      genres: [Array],
      description: "A hard-working boy named Will enters a magic academy in hopes of becoming a great sorcerer. Unfortunately, there's a fatal flaw in his plan: he lacks the ability to use magic. Amid the cold stares of his classmates and instructors, Will feels discouraged at times, but he presses forward with unwavering determination. He can't use a wand, but he can wield a sword in his battle to reach the top of a magic-dominated world. He just needs to believe in his own unique strengths and remember the promise he made with someone precious to him...\n" +
        '<br><br>\n' +
        '(Source: Crunchyroll)',
      format: 'TV',
      averageScore: 76,
      popularity: 54823,
      nextAiringEpisode: [Object],
      startDate: [Object],
      endDate: [Object],
      trailer: [Object]
    },
    {
      id: 163139,
      idMal: 54789,
      status: 'RELEASING',
      title: [Object],
      bannerImage: 'https://s4.anilist.co/file/anilistcdn/media/anime/banner/163139-I6UpRghBPVor.jpg',
      coverImage: [Object],
      episodes: 21,
      duration: 24,
      genres: [Array],
      description: 'The seventh season of <i>Boku no Hero Academia</i>.<br>\n' +
        '<br>\n' +
        'Following an all-out battle with the Paranormal Liberation Front, it is difficult for the people of Japan to continue placing faith in their heroes. To combat the combined power of Tomura Shigaraki and All For One, All Might calls for his ally from the West—the strongest woman on the planet, Star and Stripe.<br>\n' +
        '<br>\n' +
        'However, All For One decides to intercept Star and her fleet to get his hands on her overpowered quirk before she can enter Japanese airspace. Although Endeavor, Hawks, and Best Jeanist are headed to the rendezvous point, Star makes a gamble in the present to save her comrades.<br>\n' +
        '<br>\n' +
        '(Source: MAL Rewrite)<br>\n' +
        '<br>\n' +
        "<i>Note: The season was preceded by a 4-episode special titled 'Boku no Hero Academia: Memories' recapping events from the 6th season along with adding a few minutes of new material each episode.</i>",
      format: 'TV',
      averageScore: 78,
      popularity: 89123,
      nextAiringEpisode: [Object],
      startDate: [Object],
      endDate: [Object],
      trailer: [Object]
    },
    {
      id: 171457,
      idMal: 57524,
      status: 'RELEASING',
      title: [Object],
      bannerImage: 'https://s4.anilist.co/file/anilistcdn/media/anime/banner/171457-VBH6gmvCKHwV.jpg',
      coverImage: [Object],
      episodes: 12,
      duration: 24,
      genres: [Array],
      description: 'Kazuhiko Nukumizu is a high school boy content to blend in with the background mob, until he witnessed his more popular classmate Anna Yanami get dumped by her childhood friend. He felt like he had to try to comfort Yanami, but this led him to become entangled with other girls who have met defeat at love?',
      format: 'TV',
      averageScore: 81,
      popularity: 44935,
      nextAiringEpisode: [Object],
      startDate: [Object],
      endDate: [Object],
      trailer: [Object]
    },
    {
      id: 156822,
      idMal: 53580,
      status: 'RELEASING',
      title: [Object],
      bannerImage: 'https://s4.anilist.co/file/anilistcdn/media/anime/banner/156822-y0wPQIl3AHDA.jpg',
      coverImage: [Object],
      episodes: 24,
      duration: 24,
      genres: [Array],
      description: 'The third season of <i>Tensei Shitara Slime Datta Ken</i>.<br><br>\n' +
        "Rimuru has officially become a Demon Lord after defeating Clayman. Following Walpurgis, the Demon Lords' banquet, Rimuru's domain is expanded to include the entire Great Forest of Jura. Anticipating a flood of representatives from all races showing up to pay their respects, Rimuru decides to throw a festival to commemorate the opening of Tempest, using it as an opportunity to gain new citizens and present Demon Lord Rimuru to the world. Meanwhile, in the Holy Empire of Lubelius, home base of the monster-hating cult of Luminism, Holy Knight Captain Hinata receives a message from Rimuru. But the message is actually a fabricated declaration of war sent by some unknown party. Upon learning that Hinata is heading for Tempest, Rimuru makes a decision... Thus begins a new challenge for Rimuru, striving to distinguish friend from foe in his pursuit of the ideal nation where humans and monsters can prosper together. <br><br>\n" +
        '(Source: Crunchyroll)\n',
      format: 'TV',
      averageScore: 78,
      popularity: 99326,
      nextAiringEpisode: [Object],
      startDate: [Object],
      endDate: [Object],
      trailer: [Object]
    }
  ]
}
 GET /en 200 in 1449ms
 ⨯ Error: Cannot find module './chunks/undefined'
Require stack:
- /root/1anime/.next/server/webpack-api-runtime.js
- /root/1anime/.next/server/pages/api/v2/admin/broadcast.js
- /root/1anime/node_modules/next/dist/server/future/helpers/module-loader/node-module-loader.js
- /root/1anime/node_modules/next/dist/server/future/helpers/module-loader/route-module-loader.js
- /root/1anime/node_modules/next/dist/server/next-server.js
- /root/1anime/node_modules/next/dist/server/dev/next-dev-server.js
- /root/1anime/node_modules/next/dist/server/next.js
- /root/1anime/node_modules/next/dist/server/lib/start-server.js
    at Module._resolveFilename (node:internal/modules/cjs/loader:1140:15)
    at /root/1anime/node_modules/next/dist/server/require-hook.js:55:36
    at Module._load (node:internal/modules/cjs/loader:981:27)
    at Module.require (node:internal/modules/cjs/loader:1231:19)
    at mod.require (/root/1anime/node_modules/next/dist/server/require-hook.js:65:28)
    at require (node:internal/modules/helpers:177:18)
    at o.f.require (/root/1anime/.next/server/webpack-api-runtime.js:1:1882)
    at /root/1anime/.next/server/webpack-api-runtime.js:1:1361
    at Array.reduce (<anonymous>)
    at o.e (/root/1anime/.next/server/webpack-api-runtime.js:1:1340)
    at Array.map (<anonymous>)
    at o.X (/root/1anime/.next/server/webpack-api-runtime.js:1:1653)
    at /root/1anime/.next/server/pages/api/v2/admin/broadcast.js:93:47
    at Object.<anonymous> (/root/1anime/.next/server/pages/api/v2/admin/broadcast.js:96:3)
    at Module._compile (node:internal/modules/cjs/loader:1364:14) {
  code: 'MODULE_NOT_FOUND',
  requireStack: [
    '/root/1anime/.next/server/webpack-api-runtime.js',
    '/root/1anime/.next/server/pages/api/v2/admin/broadcast.js',
    '/root/1anime/node_modules/next/dist/server/future/helpers/module-loader/node-module-loader.js',
    '/root/1anime/node_modules/next/dist/server/future/helpers/module-loader/route-module-loader.js',
    '/root/1anime/node_modules/next/dist/server/next-server.js',
    '/root/1anime/node_modules/next/dist/server/dev/next-dev-server.js',
    '/root/1anime/node_modules/next/dist/server/next.js',
    '/root/1anime/node_modules/next/dist/server/lib/start-server.js'
  ]
}
 ⨯ Error: Cannot find module './chunks/undefined'
Require stack:
- /root/1anime/.next/server/webpack-api-runtime.js
- /root/1anime/.next/server/pages/api/v2/admin/broadcast.js
- /root/1anime/node_modules/next/dist/server/future/helpers/module-loader/node-module-loader.js
- /root/1anime/node_modules/next/dist/server/future/helpers/module-loader/route-module-loader.js
- /root/1anime/node_modules/next/dist/server/next-server.js
- /root/1anime/node_modules/next/dist/server/dev/next-dev-server.js
- /root/1anime/node_modules/next/dist/server/next.js
- /root/1anime/node_modules/next/dist/server/lib/start-server.js
    at Module._resolveFilename (node:internal/modules/cjs/loader:1140:15)
    at /root/1anime/node_modules/next/dist/server/require-hook.js:55:36
    at Module._load (node:internal/modules/cjs/loader:981:27)
    at Module.require (node:internal/modules/cjs/loader:1231:19)
    at mod.require (/root/1anime/node_modules/next/dist/server/require-hook.js:65:28)
    at require (node:internal/modules/helpers:177:18)
    at o.f.require (/root/1anime/.next/server/webpack-api-runtime.js:1:1882)
    at /root/1anime/.next/server/webpack-api-runtime.js:1:1361
    at Array.reduce (<anonymous>)
    at o.e (/root/1anime/.next/server/webpack-api-runtime.js:1:1340)
    at Array.map (<anonymous>)
    at o.X (/root/1anime/.next/server/webpack-api-runtime.js:1:1653)
    at /root/1anime/.next/server/pages/api/auth/[...nextauth].js:63:47
    at Object.<anonymous> (/root/1anime/.next/server/pages/api/auth/[...nextauth].js:66:3)
    at Module._compile (node:internal/modules/cjs/loader:1364:14) {
  code: 'MODULE_NOT_FOUND',
  requireStack: [
    '/root/1anime/.next/server/webpack-api-runtime.js',
    '/root/1anime/.next/server/pages/api/v2/admin/broadcast.js',
    '/root/1anime/node_modules/next/dist/server/future/helpers/module-loader/node-module-loader.js',
    '/root/1anime/node_modules/next/dist/server/future/helpers/module-loader/route-module-loader.js',
    '/root/1anime/node_modules/next/dist/server/next-server.js',
    '/root/1anime/node_modules/next/dist/server/dev/next-dev-server.js',
    '/root/1anime/node_modules/next/dist/server/next.js',
    '/root/1anime/node_modules/next/dist/server/lib/start-server.js'
  ]
}
 GET /api/v2/admin/broadcast 500 in 21ms
 GET /api/auth/session 500 in 19ms
 ⨯ Error: Cannot find module './chunks/undefined'
Require stack:
- /root/1anime/.next/server/webpack-api-runtime.js
- /root/1anime/.next/server/pages/api/v2/admin/broadcast.js
- /root/1anime/node_modules/next/dist/server/future/helpers/module-loader/node-module-loader.js
- /root/1anime/node_modules/next/dist/server/future/helpers/module-loader/route-module-loader.js
- /root/1anime/node_modules/next/dist/server/next-server.js
- /root/1anime/node_modules/next/dist/server/dev/next-dev-server.js
- /root/1anime/node_modules/next/dist/server/next.js
- /root/1anime/node_modules/next/dist/server/lib/start-server.js
    at Module._resolveFilename (node:internal/modules/cjs/loader:1140:15)
    at /root/1anime/node_modules/next/dist/server/require-hook.js:55:36
    at Module._load (node:internal/modules/cjs/loader:981:27)
    at Module.require (node:internal/modules/cjs/loader:1231:19)
    at mod.require (/root/1anime/node_modules/next/dist/server/require-hook.js:65:28)
    at require (node:internal/modules/helpers:177:18)
    at o.f.require (/root/1anime/.next/server/webpack-api-runtime.js:1:1882)
    at /root/1anime/.next/server/webpack-api-runtime.js:1:1361
    at Array.reduce (<anonymous>)
    at o.e (/root/1anime/.next/server/webpack-api-runtime.js:1:1340)
    at Array.map (<anonymous>)
    at o.X (/root/1anime/.next/server/webpack-api-runtime.js:1:1653)
    at /root/1anime/.next/server/pages/api/auth/[...nextauth].js:63:47
    at Object.<anonymous> (/root/1anime/.next/server/pages/api/auth/[...nextauth].js:66:3)
    at Module._compile (node:internal/modules/cjs/loader:1364:14) {
  code: 'MODULE_NOT_FOUND',
  requireStack: [
    '/root/1anime/.next/server/webpack-api-runtime.js',
    '/root/1anime/.next/server/pages/api/v2/admin/broadcast.js',
    '/root/1anime/node_modules/next/dist/server/future/helpers/module-loader/node-module-loader.js',
    '/root/1anime/node_modules/next/dist/server/future/helpers/module-loader/route-module-loader.js',
    '/root/1anime/node_modules/next/dist/server/next-server.js',
    '/root/1anime/node_modules/next/dist/server/dev/next-dev-server.js',
    '/root/1anime/node_modules/next/dist/server/next.js',
    '/root/1anime/node_modules/next/dist/server/lib/start-server.js'
  ]
}
 POST /api/auth/_log 500 in 9ms
 GET /api/v2/etc/recent/1 304 in 260ms
{
  trendData: [
    {
      id: 163292,
      idMal: 54913,
      status: 'RELEASING',
      title: [Object],
      bannerImage: 'https://s4.anilist.co/file/anilistcdn/media/anime/banner/163292-XOC86gRVHGOo.jpg',
      coverImage: [Object],
      episodes: 12,
      duration: 24,
      genres: [Array],
      description: '<i>"Why should it matter how old you are if you want to start something new?"</i><br><br>\n' +
        '\n' +
        "The strongest guy around, who also happens to be middle-aged, strives to be an adventurer! Everyone seems to think you should pursue your dreams while you're still young, but there's one man who just can't give up. In a world where most people who become adventurers do so in their teens, a guild employee in his thirties, Rick Gladiator, seeks to become an adventurer instead. After receiving unimaginably brutal training from the legendary party renowned as the strongest on the continent, Orichalcum Fist, he ends up with combat abilities worthy of S-rank status despite starting out as an F-rank rookie! <br><br>\n" +
        '(Source: Crunchyroll)',
      format: 'TV',
      averageScore: 67,
      popularity: 28103,
      nextAiringEpisode: [Object],
      startDate: [Object],
      endDate: [Object],
      trailer: [Object]
    },
    {
      id: 145728,
      idMal: 51122,
      status: 'RELEASING',
      title: [Object],
      bannerImage: 'https://s4.anilist.co/file/anilistcdn/media/anime/banner/145728-v6NGBJOQs8Kh.jpg',
      coverImage: [Object],
      episodes: 25,
      duration: 24,
      genres: [Array],
      description: 'Lawrence is a traveling merchant selling various goods from a horse-drawn cart. One day, he arrives at a village and meets a beautiful girl with the ears and tail of an animal! Her name is Holo the Wisewolf and she brings bountiful harvests. She wishes to return to her homeland, and Lawrence offers to take her. Now, the once-lonely merchant and the once-lonely wisewolf begin their journey north.<br>\n' +
        '<br>\n' +
        '(Source: Crunchyroll)',
      format: 'TV',
      averageScore: 77,
      popularity: 61950,
      nextAiringEpisode: [Object],
      startDate: [Object],
      endDate: [Object],
      trailer: [Object]
    },
    {
      id: 153406,
      idMal: 52635,
      status: 'RELEASING',
      title: [Object],
      bannerImage: 'https://s4.anilist.co/file/anilistcdn/media/anime/banner/153406-wP0TEqBVxY0V.jpg',
      coverImage: [Object],
      episodes: null,
      duration: 24,
      genres: [Array],
      description: 'The second season of <i>Kami no Tou: Tower of God</i>.\n' +
        '<br><br>\n' +
        'Ja Wangnan can’t seem to pass the 20th Floor. Even after failing time and time again, he refuses to give up. On his journey, he meets a mysterious and powerful character named Viole. Wangnan invites Viole to join his team of Regulars. Their journey continues with new challenges at every turn.\n' +
        '<br><br>\n' +
        '(Source: Crunchyroll)',
      format: 'TV',
      averageScore: 70,
      popularity: 72981,
      nextAiringEpisode: [Object],
      startDate: [Object],
      endDate: [Object],
      trailer: [Object]
    },
    {
      id: 174576,
      idMal: 58059,
      status: 'RELEASING',
      title: [Object],
      bannerImage: 'https://s4.anilist.co/file/anilistcdn/media/anime/banner/174576-6stJnscy5rCi.jpg',
      coverImage: [Object],
      episodes: 12,
      duration: 24,
      genres: [Array],
      description: "A hard-working boy named Will enters a magic academy in hopes of becoming a great sorcerer. Unfortunately, there's a fatal flaw in his plan: he lacks the ability to use magic. Amid the cold stares of his classmates and instructors, Will feels discouraged at times, but he presses forward with unwavering determination. He can't use a wand, but he can wield a sword in his battle to reach the top of a magic-dominated world. He just needs to believe in his own unique strengths and remember the promise he made with someone precious to him...\n" +
        '<br><br>\n' +
        '(Source: Crunchyroll)',
      format: 'TV',
      averageScore: 76,
      popularity: 54823,
      nextAiringEpisode: [Object],
      startDate: [Object],
      endDate: [Object],
      trailer: [Object]
    },
    {
      id: 163139,
      idMal: 54789,
      status: 'RELEASING',
      title: [Object],
      bannerImage: 'https://s4.anilist.co/file/anilistcdn/media/anime/banner/163139-I6UpRghBPVor.jpg',
      coverImage: [Object],
      episodes: 21,
      duration: 24,
      genres: [Array],
      description: 'The seventh season of <i>Boku no Hero Academia</i>.<br>\n' +
        '<br>\n' +
        'Following an all-out battle with the Paranormal Liberation Front, it is difficult for the people of Japan to continue placing faith in their heroes. To combat the combined power of Tomura Shigaraki and All For One, All Might calls for his ally from the West—the strongest woman on the planet, Star and Stripe.<br>\n' +
        '<br>\n' +
        'However, All For One decides to intercept Star and her fleet to get his hands on her overpowered quirk before she can enter Japanese airspace. Although Endeavor, Hawks, and Best Jeanist are headed to the rendezvous point, Star makes a gamble in the present to save her comrades.<br>\n' +
        '<br>\n' +
        '(Source: MAL Rewrite)<br>\n' +
        '<br>\n' +
        "<i>Note: The season was preceded by a 4-episode special titled 'Boku no Hero Academia: Memories' recapping events from the 6th season along with adding a few minutes of new material each episode.</i>",
      format: 'TV',
      averageScore: 78,
      popularity: 89123,
      nextAiringEpisode: [Object],
      startDate: [Object],
      endDate: [Object],
      trailer: [Object]
    },
    {
      id: 171457,
      idMal: 57524,
      status: 'RELEASING',
      title: [Object],
      bannerImage: 'https://s4.anilist.co/file/anilistcdn/media/anime/banner/171457-VBH6gmvCKHwV.jpg',
      coverImage: [Object],
      episodes: 12,
      duration: 24,
      genres: [Array],
      description: 'Kazuhiko Nukumizu is a high school boy content to blend in with the background mob, until he witnessed his more popular classmate Anna Yanami get dumped by her childhood friend. He felt like he had to try to comfort Yanami, but this led him to become entangled with other girls who have met defeat at love?',
      format: 'TV',
      averageScore: 81,
      popularity: 44935,
      nextAiringEpisode: [Object],
      startDate: [Object],
      endDate: [Object],
      trailer: [Object]
    },
    {
      id: 156822,
      idMal: 53580,
      status: 'RELEASING',
      title: [Object],
      bannerImage: 'https://s4.anilist.co/file/anilistcdn/media/anime/banner/156822-y0wPQIl3AHDA.jpg',
      coverImage: [Object],
      episodes: 24,
      duration: 24,
      genres: [Array],
      description: 'The third season of <i>Tensei Shitara Slime Datta Ken</i>.<br><br>\n' +
        "Rimuru has officially become a Demon Lord after defeating Clayman. Following Walpurgis, the Demon Lords' banquet, Rimuru's domain is expanded to include the entire Great Forest of Jura. Anticipating a flood of representatives from all races showing up to pay their respects, Rimuru decides to throw a festival to commemorate the opening of Tempest, using it as an opportunity to gain new citizens and present Demon Lord Rimuru to the world. Meanwhile, in the Holy Empire of Lubelius, home base of the monster-hating cult of Luminism, Holy Knight Captain Hinata receives a message from Rimuru. But the message is actually a fabricated declaration of war sent by some unknown party. Upon learning that Hinata is heading for Tempest, Rimuru makes a decision... Thus begins a new challenge for Rimuru, striving to distinguish friend from foe in his pursuit of the ideal nation where humans and monsters can prosper together. <br><br>\n" +
        '(Source: Crunchyroll)\n',
      format: 'TV',
      averageScore: 78,
      popularity: 99326,
      nextAiringEpisode: [Object],
      startDate: [Object],
      endDate: [Object],
      trailer: [Object]
    }
  ]
}
 GET /en 200 in 1218ms
 ⨯ Error: Cannot find module './chunks/undefined'
Require stack:
- /root/1anime/.next/server/webpack-api-runtime.js
- /root/1anime/.next/server/pages/api/v2/admin/broadcast.js
- /root/1anime/node_modules/next/dist/server/future/helpers/module-loader/node-module-loader.js
- /root/1anime/node_modules/next/dist/server/future/helpers/module-loader/route-module-loader.js
- /root/1anime/node_modules/next/dist/server/next-server.js
- /root/1anime/node_modules/next/dist/server/dev/next-dev-server.js
- /root/1anime/node_modules/next/dist/server/next.js
- /root/1anime/node_modules/next/dist/server/lib/start-server.js
    at Module._resolveFilename (node:internal/modules/cjs/loader:1140:15)
    at /root/1anime/node_modules/next/dist/server/require-hook.js:55:36
    at Module._load (node:internal/modules/cjs/loader:981:27)
    at Module.require (node:internal/modules/cjs/loader:1231:19)
    at mod.require (/root/1anime/node_modules/next/dist/server/require-hook.js:65:28)
    at require (node:internal/modules/helpers:177:18)
    at o.f.require (/root/1anime/.next/server/webpack-api-runtime.js:1:1882)
    at /root/1anime/.next/server/webpack-api-runtime.js:1:1361
    at Array.reduce (<anonymous>)
    at o.e (/root/1anime/.next/server/webpack-api-runtime.js:1:1340)
    at Array.map (<anonymous>)
    at o.X (/root/1anime/.next/server/webpack-api-runtime.js:1:1653)
    at /root/1anime/.next/server/pages/api/auth/[...nextauth].js:63:47
    at Object.<anonymous> (/root/1anime/.next/server/pages/api/auth/[...nextauth].js:66:3)
    at Module._compile (node:internal/modules/cjs/loader:1364:14) {
  code: 'MODULE_NOT_FOUND',
  requireStack: [
    '/root/1anime/.next/server/webpack-api-runtime.js',
    '/root/1anime/.next/server/pages/api/v2/admin/broadcast.js',
    '/root/1anime/node_modules/next/dist/server/future/helpers/module-loader/node-module-loader.js',
    '/root/1anime/node_modules/next/dist/server/future/helpers/module-loader/route-module-loader.js',
    '/root/1anime/node_modules/next/dist/server/next-server.js',
    '/root/1anime/node_modules/next/dist/server/dev/next-dev-server.js',
    '/root/1anime/node_modules/next/dist/server/next.js',
    '/root/1anime/node_modules/next/dist/server/lib/start-server.js'
  ]
}
 ⨯ Error: Cannot find module './chunks/undefined'
Require stack:
- /root/1anime/.next/server/webpack-api-runtime.js
- /root/1anime/.next/server/pages/api/v2/admin/broadcast.js
- /root/1anime/node_modules/next/dist/server/future/helpers/module-loader/node-module-loader.js
- /root/1anime/node_modules/next/dist/server/future/helpers/module-loader/route-module-loader.js
- /root/1anime/node_modules/next/dist/server/next-server.js
- /root/1anime/node_modules/next/dist/server/dev/next-dev-server.js
- /root/1anime/node_modules/next/dist/server/next.js
- /root/1anime/node_modules/next/dist/server/lib/start-server.js
    at Module._resolveFilename (node:internal/modules/cjs/loader:1140:15)
    at /root/1anime/node_modules/next/dist/server/require-hook.js:55:36
    at Module._load (node:internal/modules/cjs/loader:981:27)
    at Module.require (node:internal/modules/cjs/loader:1231:19)
    at mod.require (/root/1anime/node_modules/next/dist/server/require-hook.js:65:28)
    at require (node:internal/modules/helpers:177:18)
    at o.f.require (/root/1anime/.next/server/webpack-api-runtime.js:1:1882)
    at /root/1anime/.next/server/webpack-api-runtime.js:1:1361
    at Array.reduce (<anonymous>)
    at o.e (/root/1anime/.next/server/webpack-api-runtime.js:1:1340)
    at Array.map (<anonymous>)
    at o.X (/root/1anime/.next/server/webpack-api-runtime.js:1:1653)
    at /root/1anime/.next/server/pages/api/v2/admin/broadcast.js:93:47
    at Object.<anonymous> (/root/1anime/.next/server/pages/api/v2/admin/broadcast.js:96:3)
    at Module._compile (node:internal/modules/cjs/loader:1364:14) {
  code: 'MODULE_NOT_FOUND',
  requireStack: [
    '/root/1anime/.next/server/webpack-api-runtime.js',
    '/root/1anime/.next/server/pages/api/v2/admin/broadcast.js',
    '/root/1anime/node_modules/next/dist/server/future/helpers/module-loader/node-module-loader.js',
    '/root/1anime/node_modules/next/dist/server/future/helpers/module-loader/route-module-loader.js',
    '/root/1anime/node_modules/next/dist/server/next-server.js',
    '/root/1anime/node_modules/next/dist/server/dev/next-dev-server.js',
    '/root/1anime/node_modules/next/dist/server/next.js',
    '/root/1anime/node_modules/next/dist/server/lib/start-server.js'
  ]
}
 GET /api/auth/session 500 in 12ms
 GET /api/v2/admin/broadcast 500 in 15ms
 ⨯ Error: Cannot find module './chunks/undefined'
Require stack:
- /root/1anime/.next/server/webpack-api-runtime.js
- /root/1anime/.next/server/pages/api/v2/admin/broadcast.js
- /root/1anime/node_modules/next/dist/server/future/helpers/module-loader/node-module-loader.js
- /root/1anime/node_modules/next/dist/server/future/helpers/module-loader/route-module-loader.js
- /root/1anime/node_modules/next/dist/server/next-server.js
- /root/1anime/node_modules/next/dist/server/dev/next-dev-server.js
- /root/1anime/node_modules/next/dist/server/next.js
- /root/1anime/node_modules/next/dist/server/lib/start-server.js
    at Module._resolveFilename (node:internal/modules/cjs/loader:1140:15)
    at /root/1anime/node_modules/next/dist/server/require-hook.js:55:36
    at Module._load (node:internal/modules/cjs/loader:981:27)
    at Module.require (node:internal/modules/cjs/loader:1231:19)
    at mod.require (/root/1anime/node_modules/next/dist/server/require-hook.js:65:28)
    at require (node:internal/modules/helpers:177:18)
    at o.f.require (/root/1anime/.next/server/webpack-api-runtime.js:1:1882)
    at /root/1anime/.next/server/webpack-api-runtime.js:1:1361
    at Array.reduce (<anonymous>)
    at o.e (/root/1anime/.next/server/webpack-api-runtime.js:1:1340)
    at Array.map (<anonymous>)
    at o.X (/root/1anime/.next/server/webpack-api-runtime.js:1:1653)
    at /root/1anime/.next/server/pages/api/auth/[...nextauth].js:63:47
    at Object.<anonymous> (/root/1anime/.next/server/pages/api/auth/[...nextauth].js:66:3)
    at Module._compile (node:internal/modules/cjs/loader:1364:14) {
  code: 'MODULE_NOT_FOUND',
  requireStack: [
    '/root/1anime/.next/server/webpack-api-runtime.js',
    '/root/1anime/.next/server/pages/api/v2/admin/broadcast.js',
    '/root/1anime/node_modules/next/dist/server/future/helpers/module-loader/node-module-loader.js',
    '/root/1anime/node_modules/next/dist/server/future/helpers/module-loader/route-module-loader.js',
    '/root/1anime/node_modules/next/dist/server/next-server.js',
    '/root/1anime/node_modules/next/dist/server/dev/next-dev-server.js',
    '/root/1anime/node_modules/next/dist/server/next.js',
    '/root/1anime/node_modules/next/dist/server/lib/start-server.js'
  ]
}
 POST /api/auth/_log 500 in 8ms
 GET /api/v2/etc/recent/1 304 in 263ms
{
  trendData: [
    {
      id: 163292,
      idMal: 54913,
      status: 'RELEASING',
      title: [Object],
      bannerImage: 'https://s4.anilist.co/file/anilistcdn/media/anime/banner/163292-XOC86gRVHGOo.jpg',
      coverImage: [Object],
      episodes: 12,
      duration: 24,
      genres: [Array],
      description: '<i>"Why should it matter how old you are if you want to start something new?"</i><br><br>\n' +
        '\n' +
        "The strongest guy around, who also happens to be middle-aged, strives to be an adventurer! Everyone seems to think you should pursue your dreams while you're still young, but there's one man who just can't give up. In a world where most people who become adventurers do so in their teens, a guild employee in his thirties, Rick Gladiator, seeks to become an adventurer instead. After receiving unimaginably brutal training from the legendary party renowned as the strongest on the continent, Orichalcum Fist, he ends up with combat abilities worthy of S-rank status despite starting out as an F-rank rookie! <br><br>\n" +
        '(Source: Crunchyroll)',
      format: 'TV',
      averageScore: 67,
      popularity: 28103,
      nextAiringEpisode: [Object],
      startDate: [Object],
      endDate: [Object],
      trailer: [Object]
    },
    {
      id: 145728,
      idMal: 51122,
      status: 'RELEASING',
      title: [Object],
      bannerImage: 'https://s4.anilist.co/file/anilistcdn/media/anime/banner/145728-v6NGBJOQs8Kh.jpg',
      coverImage: [Object],
      episodes: 25,
      duration: 24,
      genres: [Array],
      description: 'Lawrence is a traveling merchant selling various goods from a horse-drawn cart. One day, he arrives at a village and meets a beautiful girl with the ears and tail of an animal! Her name is Holo the Wisewolf and she brings bountiful harvests. She wishes to return to her homeland, and Lawrence offers to take her. Now, the once-lonely merchant and the once-lonely wisewolf begin their journey north.<br>\n' +
        '<br>\n' +
        '(Source: Crunchyroll)',
      format: 'TV',
      averageScore: 77,
      popularity: 61950,
      nextAiringEpisode: [Object],
      startDate: [Object],
      endDate: [Object],
      trailer: [Object]
    },
    {
      id: 153406,
      idMal: 52635,
      status: 'RELEASING',
      title: [Object],
      bannerImage: 'https://s4.anilist.co/file/anilistcdn/media/anime/banner/153406-wP0TEqBVxY0V.jpg',
      coverImage: [Object],
      episodes: null,
      duration: 24,
      genres: [Array],
      description: 'The second season of <i>Kami no Tou: Tower of God</i>.\n' +
        '<br><br>\n' +
        'Ja Wangnan can’t seem to pass the 20th Floor. Even after failing time and time again, he refuses to give up. On his journey, he meets a mysterious and powerful character named Viole. Wangnan invites Viole to join his team of Regulars. Their journey continues with new challenges at every turn.\n' +
        '<br><br>\n' +
        '(Source: Crunchyroll)',
      format: 'TV',
      averageScore: 70,
      popularity: 72981,
      nextAiringEpisode: [Object],
      startDate: [Object],
      endDate: [Object],
      trailer: [Object]
    },
    {
      id: 174576,
      idMal: 58059,
      status: 'RELEASING',
      title: [Object],
      bannerImage: 'https://s4.anilist.co/file/anilistcdn/media/anime/banner/174576-6stJnscy5rCi.jpg',
      coverImage: [Object],
      episodes: 12,
      duration: 24,
      genres: [Array],
      description: "A hard-working boy named Will enters a magic academy in hopes of becoming a great sorcerer. Unfortunately, there's a fatal flaw in his plan: he lacks the ability to use magic. Amid the cold stares of his classmates and instructors, Will feels discouraged at times, but he presses forward with unwavering determination. He can't use a wand, but he can wield a sword in his battle to reach the top of a magic-dominated world. He just needs to believe in his own unique strengths and remember the promise he made with someone precious to him...\n" +
        '<br><br>\n' +
        '(Source: Crunchyroll)',
      format: 'TV',
      averageScore: 76,
      popularity: 54823,
      nextAiringEpisode: [Object],
      startDate: [Object],
      endDate: [Object],
      trailer: [Object]
    },
    {
      id: 163139,
      idMal: 54789,
      status: 'RELEASING',
      title: [Object],
      bannerImage: 'https://s4.anilist.co/file/anilistcdn/media/anime/banner/163139-I6UpRghBPVor.jpg',
      coverImage: [Object],
      episodes: 21,
      duration: 24,
      genres: [Array],
      description: 'The seventh season of <i>Boku no Hero Academia</i>.<br>\n' +
        '<br>\n' +
        'Following an all-out battle with the Paranormal Liberation Front, it is difficult for the people of Japan to continue placing faith in their heroes. To combat the combined power of Tomura Shigaraki and All For One, All Might calls for his ally from the West—the strongest woman on the planet, Star and Stripe.<br>\n' +
        '<br>\n' +
        'However, All For One decides to intercept Star and her fleet to get his hands on her overpowered quirk before she can enter Japanese airspace. Although Endeavor, Hawks, and Best Jeanist are headed to the rendezvous point, Star makes a gamble in the present to save her comrades.<br>\n' +
        '<br>\n' +
        '(Source: MAL Rewrite)<br>\n' +
        '<br>\n' +
        "<i>Note: The season was preceded by a 4-episode special titled 'Boku no Hero Academia: Memories' recapping events from the 6th season along with adding a few minutes of new material each episode.</i>",
      format: 'TV',
      averageScore: 78,
      popularity: 89123,
      nextAiringEpisode: [Object],
      startDate: [Object],
      endDate: [Object],
      trailer: [Object]
    },
    {
      id: 171457,
      idMal: 57524,
      status: 'RELEASING',
      title: [Object],
      bannerImage: 'https://s4.anilist.co/file/anilistcdn/media/anime/banner/171457-VBH6gmvCKHwV.jpg',
      coverImage: [Object],
      episodes: 12,
      duration: 24,
      genres: [Array],
      description: 'Kazuhiko Nukumizu is a high school boy content to blend in with the background mob, until he witnessed his more popular classmate Anna Yanami get dumped by her childhood friend. He felt like he had to try to comfort Yanami, but this led him to become entangled with other girls who have met defeat at love?',
      format: 'TV',
      averageScore: 81,
      popularity: 44935,
      nextAiringEpisode: [Object],
      startDate: [Object],
      endDate: [Object],
      trailer: [Object]
    },
    {
      id: 156822,
      idMal: 53580,
      status: 'RELEASING',
      title: [Object],
      bannerImage: 'https://s4.anilist.co/file/anilistcdn/media/anime/banner/156822-y0wPQIl3AHDA.jpg',
      coverImage: [Object],
      episodes: 24,
      duration: 24,
      genres: [Array],
      description: 'The third season of <i>Tensei Shitara Slime Datta Ken</i>.<br><br>\n' +
        "Rimuru has officially become a Demon Lord after defeating Clayman. Following Walpurgis, the Demon Lords' banquet, Rimuru's domain is expanded to include the entire Great Forest of Jura. Anticipating a flood of representatives from all races showing up to pay their respects, Rimuru decides to throw a festival to commemorate the opening of Tempest, using it as an opportunity to gain new citizens and present Demon Lord Rimuru to the world. Meanwhile, in the Holy Empire of Lubelius, home base of the monster-hating cult of Luminism, Holy Knight Captain Hinata receives a message from Rimuru. But the message is actually a fabricated declaration of war sent by some unknown party. Upon learning that Hinata is heading for Tempest, Rimuru makes a decision... Thus begins a new challenge for Rimuru, striving to distinguish friend from foe in his pursuit of the ideal nation where humans and monsters can prosper together. <br><br>\n" +
        '(Source: Crunchyroll)\n',
      format: 'TV',
      averageScore: 78,
      popularity: 99326,
      nextAiringEpisode: [Object],
      startDate: [Object],
      endDate: [Object],
      trailer: [Object]
    }
  ]
}
 GET /en 200 in 1509ms
 ⨯ Error: Cannot find module './chunks/undefined'
Require stack:
- /root/1anime/.next/server/webpack-api-runtime.js
- /root/1anime/.next/server/pages/api/v2/admin/broadcast.js
- /root/1anime/node_modules/next/dist/server/future/helpers/module-loader/node-module-loader.js
- /root/1anime/node_modules/next/dist/server/future/helpers/module-loader/route-module-loader.js
- /root/1anime/node_modules/next/dist/server/next-server.js
- /root/1anime/node_modules/next/dist/server/dev/next-dev-server.js
- /root/1anime/node_modules/next/dist/server/next.js
- /root/1anime/node_modules/next/dist/server/lib/start-server.js
    at Module._resolveFilename (node:internal/modules/cjs/loader:1140:15)
    at /root/1anime/node_modules/next/dist/server/require-hook.js:55:36
    at Module._load (node:internal/modules/cjs/loader:981:27)
    at Module.require (node:internal/modules/cjs/loader:1231:19)
    at mod.require (/root/1anime/node_modules/next/dist/server/require-hook.js:65:28)
    at require (node:internal/modules/helpers:177:18)
    at o.f.require (/root/1anime/.next/server/webpack-api-runtime.js:1:1882)
    at /root/1anime/.next/server/webpack-api-runtime.js:1:1361
    at Array.reduce (<anonymous>)
    at o.e (/root/1anime/.next/server/webpack-api-runtime.js:1:1340)
    at Array.map (<anonymous>)
    at o.X (/root/1anime/.next/server/webpack-api-runtime.js:1:1653)
    at /root/1anime/.next/server/pages/api/auth/[...nextauth].js:63:47
    at Object.<anonymous> (/root/1anime/.next/server/pages/api/auth/[...nextauth].js:66:3)
    at Module._compile (node:internal/modules/cjs/loader:1364:14) {
  code: 'MODULE_NOT_FOUND',
  requireStack: [
    '/root/1anime/.next/server/webpack-api-runtime.js',
    '/root/1anime/.next/server/pages/api/v2/admin/broadcast.js',
    '/root/1anime/node_modules/next/dist/server/future/helpers/module-loader/node-module-loader.js',
    '/root/1anime/node_modules/next/dist/server/future/helpers/module-loader/route-module-loader.js',
    '/root/1anime/node_modules/next/dist/server/next-server.js',
    '/root/1anime/node_modules/next/dist/server/dev/next-dev-server.js',
    '/root/1anime/node_modules/next/dist/server/next.js',
    '/root/1anime/node_modules/next/dist/server/lib/start-server.js'
  ]
}
 ⨯ Error: Cannot find module './chunks/undefined'
Require stack:
- /root/1anime/.next/server/webpack-api-runtime.js
- /root/1anime/.next/server/pages/api/v2/admin/broadcast.js
- /root/1anime/node_modules/next/dist/server/future/helpers/module-loader/node-module-loader.js
- /root/1anime/node_modules/next/dist/server/future/helpers/module-loader/route-module-loader.js
- /root/1anime/node_modules/next/dist/server/next-server.js
- /root/1anime/node_modules/next/dist/server/dev/next-dev-server.js
- /root/1anime/node_modules/next/dist/server/next.js
- /root/1anime/node_modules/next/dist/server/lib/start-server.js
    at Module._resolveFilename (node:internal/modules/cjs/loader:1140:15)
    at /root/1anime/node_modules/next/dist/server/require-hook.js:55:36
    at Module._load (node:internal/modules/cjs/loader:981:27)
    at Module.require (node:internal/modules/cjs/loader:1231:19)
    at mod.require (/root/1anime/node_modules/next/dist/server/require-hook.js:65:28)
    at require (node:internal/modules/helpers:177:18)
    at o.f.require (/root/1anime/.next/server/webpack-api-runtime.js:1:1882)
    at /root/1anime/.next/server/webpack-api-runtime.js:1:1361
    at Array.reduce (<anonymous>)
    at o.e (/root/1anime/.next/server/webpack-api-runtime.js:1:1340)
    at Array.map (<anonymous>)
    at o.X (/root/1anime/.next/server/webpack-api-runtime.js:1:1653)
    at /root/1anime/.next/server/pages/api/v2/admin/broadcast.js:93:47
    at Object.<anonymous> (/root/1anime/.next/server/pages/api/v2/admin/broadcast.js:96:3)
    at Module._compile (node:internal/modules/cjs/loader:1364:14) {
  code: 'MODULE_NOT_FOUND',
  requireStack: [
    '/root/1anime/.next/server/webpack-api-runtime.js',
    '/root/1anime/.next/server/pages/api/v2/admin/broadcast.js',
    '/root/1anime/node_modules/next/dist/server/future/helpers/module-loader/node-module-loader.js',
    '/root/1anime/node_modules/next/dist/server/future/helpers/module-loader/route-module-loader.js',
    '/root/1anime/node_modules/next/dist/server/next-server.js',
    '/root/1anime/node_modules/next/dist/server/dev/next-dev-server.js',
    '/root/1anime/node_modules/next/dist/server/next.js',
    '/root/1anime/node_modules/next/dist/server/lib/start-server.js'
  ]
}
 GET /api/auth/session 500 in 22ms
 GET /api/v2/admin/broadcast 500 in 21ms
 GET /api/v2/etc/recent/1 304 in 255ms
 ⨯ Error: Cannot find module './chunks/undefined'
Require stack:
- /root/1anime/.next/server/webpack-api-runtime.js
- /root/1anime/.next/server/pages/api/v2/admin/broadcast.js
- /root/1anime/node_modules/next/dist/server/future/helpers/module-loader/node-module-loader.js
- /root/1anime/node_modules/next/dist/server/future/helpers/module-loader/route-module-loader.js
- /root/1anime/node_modules/next/dist/server/next-server.js
- /root/1anime/node_modules/next/dist/server/dev/next-dev-server.js
- /root/1anime/node_modules/next/dist/server/next.js
- /root/1anime/node_modules/next/dist/server/lib/start-server.js
    at Module._resolveFilename (node:internal/modules/cjs/loader:1140:15)
    at /root/1anime/node_modules/next/dist/server/require-hook.js:55:36
    at Module._load (node:internal/modules/cjs/loader:981:27)
    at Module.require (node:internal/modules/cjs/loader:1231:19)
    at mod.require (/root/1anime/node_modules/next/dist/server/require-hook.js:65:28)
    at require (node:internal/modules/helpers:177:18)
    at o.f.require (/root/1anime/.next/server/webpack-api-runtime.js:1:1882)
    at /root/1anime/.next/server/webpack-api-runtime.js:1:1361
    at Array.reduce (<anonymous>)
    at o.e (/root/1anime/.next/server/webpack-api-runtime.js:1:1340)
    at Array.map (<anonymous>)
    at o.X (/root/1anime/.next/server/webpack-api-runtime.js:1:1653)
    at /root/1anime/.next/server/pages/api/auth/[...nextauth].js:63:47
    at Object.<anonymous> (/root/1anime/.next/server/pages/api/auth/[...nextauth].js:66:3)
    at Module._compile (node:internal/modules/cjs/loader:1364:14) {
  code: 'MODULE_NOT_FOUND',
  requireStack: [
    '/root/1anime/.next/server/webpack-api-runtime.js',
    '/root/1anime/.next/server/pages/api/v2/admin/broadcast.js',
    '/root/1anime/node_modules/next/dist/server/future/helpers/module-loader/node-module-loader.js',
    '/root/1anime/node_modules/next/dist/server/future/helpers/module-loader/route-module-loader.js',
    '/root/1anime/node_modules/next/dist/server/next-server.js',
    '/root/1anime/node_modules/next/dist/server/dev/next-dev-server.js',
    '/root/1anime/node_modules/next/dist/server/next.js',
    '/root/1anime/node_modules/next/dist/server/lib/start-server.js'
  ]
}
 POST /api/auth/_log 500 in 11ms
{
  trendData: [
    {
      id: 163292,
      idMal: 54913,
      status: 'RELEASING',
      title: [Object],
      bannerImage: 'https://s4.anilist.co/file/anilistcdn/media/anime/banner/163292-XOC86gRVHGOo.jpg',
      coverImage: [Object],
      episodes: 12,
      duration: 24,
      genres: [Array],
      description: '<i>"Why should it matter how old you are if you want to start something new?"</i><br><br>\n' +
        '\n' +
        "The strongest guy around, who also happens to be middle-aged, strives to be an adventurer! Everyone seems to think you should pursue your dreams while you're still young, but there's one man who just can't give up. In a world where most people who become adventurers do so in their teens, a guild employee in his thirties, Rick Gladiator, seeks to become an adventurer instead. After receiving unimaginably brutal training from the legendary party renowned as the strongest on the continent, Orichalcum Fist, he ends up with combat abilities worthy of S-rank status despite starting out as an F-rank rookie! <br><br>\n" +
        '(Source: Crunchyroll)',
      format: 'TV',
      averageScore: 67,
      popularity: 28103,
      nextAiringEpisode: [Object],
      startDate: [Object],
      endDate: [Object],
      trailer: [Object]
    },
    {
      id: 145728,
      idMal: 51122,
      status: 'RELEASING',
      title: [Object],
      bannerImage: 'https://s4.anilist.co/file/anilistcdn/media/anime/banner/145728-v6NGBJOQs8Kh.jpg',
      coverImage: [Object],
      episodes: 25,
      duration: 24,
      genres: [Array],
      description: 'Lawrence is a traveling merchant selling various goods from a horse-drawn cart. One day, he arrives at a village and meets a beautiful girl with the ears and tail of an animal! Her name is Holo the Wisewolf and she brings bountiful harvests. She wishes to return to her homeland, and Lawrence offers to take her. Now, the once-lonely merchant and the once-lonely wisewolf begin their journey north.<br>\n' +
        '<br>\n' +
        '(Source: Crunchyroll)',
      format: 'TV',
      averageScore: 77,
      popularity: 61950,
      nextAiringEpisode: [Object],
      startDate: [Object],
      endDate: [Object],
      trailer: [Object]
    },
    {
      id: 153406,
      idMal: 52635,
      status: 'RELEASING',
      title: [Object],
      bannerImage: 'https://s4.anilist.co/file/anilistcdn/media/anime/banner/153406-wP0TEqBVxY0V.jpg',
      coverImage: [Object],
      episodes: null,
      duration: 24,
      genres: [Array],
      description: 'The second season of <i>Kami no Tou: Tower of God</i>.\n' +
        '<br><br>\n' +
        'Ja Wangnan can’t seem to pass the 20th Floor. Even after failing time and time again, he refuses to give up. On his journey, he meets a mysterious and powerful character named Viole. Wangnan invites Viole to join his team of Regulars. Their journey continues with new challenges at every turn.\n' +
        '<br><br>\n' +
        '(Source: Crunchyroll)',
      format: 'TV',
      averageScore: 70,
      popularity: 72981,
      nextAiringEpisode: [Object],
      startDate: [Object],
      endDate: [Object],
      trailer: [Object]
    },
    {
      id: 174576,
      idMal: 58059,
      status: 'RELEASING',
      title: [Object],
      bannerImage: 'https://s4.anilist.co/file/anilistcdn/media/anime/banner/174576-6stJnscy5rCi.jpg',
      coverImage: [Object],
      episodes: 12,
      duration: 24,
      genres: [Array],
      description: "A hard-working boy named Will enters a magic academy in hopes of becoming a great sorcerer. Unfortunately, there's a fatal flaw in his plan: he lacks the ability to use magic. Amid the cold stares of his classmates and instructors, Will feels discouraged at times, but he presses forward with unwavering determination. He can't use a wand, but he can wield a sword in his battle to reach the top of a magic-dominated world. He just needs to believe in his own unique strengths and remember the promise he made with someone precious to him...\n" +
        '<br><br>\n' +
        '(Source: Crunchyroll)',
      format: 'TV',
      averageScore: 76,
      popularity: 54823,
      nextAiringEpisode: [Object],
      startDate: [Object],
      endDate: [Object],
      trailer: [Object]
    },
    {
      id: 163139,
      idMal: 54789,
      status: 'RELEASING',
      title: [Object],
      bannerImage: 'https://s4.anilist.co/file/anilistcdn/media/anime/banner/163139-I6UpRghBPVor.jpg',
      coverImage: [Object],
      episodes: 21,
      duration: 24,
      genres: [Array],
      description: 'The seventh season of <i>Boku no Hero Academia</i>.<br>\n' +
        '<br>\n' +
        'Following an all-out battle with the Paranormal Liberation Front, it is difficult for the people of Japan to continue placing faith in their heroes. To combat the combined power of Tomura Shigaraki and All For One, All Might calls for his ally from the West—the strongest woman on the planet, Star and Stripe.<br>\n' +
        '<br>\n' +
        'However, All For One decides to intercept Star and her fleet to get his hands on her overpowered quirk before she can enter Japanese airspace. Although Endeavor, Hawks, and Best Jeanist are headed to the rendezvous point, Star makes a gamble in the present to save her comrades.<br>\n' +
        '<br>\n' +
        '(Source: MAL Rewrite)<br>\n' +
        '<br>\n' +
        "<i>Note: The season was preceded by a 4-episode special titled 'Boku no Hero Academia: Memories' recapping events from the 6th season along with adding a few minutes of new material each episode.</i>",
      format: 'TV',
      averageScore: 78,
      popularity: 89123,
      nextAiringEpisode: [Object],
      startDate: [Object],
      endDate: [Object],
      trailer: [Object]
    },
    {
      id: 171457,
      idMal: 57524,
      status: 'RELEASING',
      title: [Object],
      bannerImage: 'https://s4.anilist.co/file/anilistcdn/media/anime/banner/171457-VBH6gmvCKHwV.jpg',
      coverImage: [Object],
      episodes: 12,
      duration: 24,
      genres: [Array],
      description: 'Kazuhiko Nukumizu is a high school boy content to blend in with the background mob, until he witnessed his more popular classmate Anna Yanami get dumped by her childhood friend. He felt like he had to try to comfort Yanami, but this led him to become entangled with other girls who have met defeat at love?',
      format: 'TV',
      averageScore: 81,
      popularity: 44935,
      nextAiringEpisode: [Object],
      startDate: [Object],
      endDate: [Object],
      trailer: [Object]
    },
    {
      id: 156822,
      idMal: 53580,
      status: 'RELEASING',
      title: [Object],
      bannerImage: 'https://s4.anilist.co/file/anilistcdn/media/anime/banner/156822-y0wPQIl3AHDA.jpg',
      coverImage: [Object],
      episodes: 24,
      duration: 24,
      genres: [Array],
      description: 'The third season of <i>Tensei Shitara Slime Datta Ken</i>.<br><br>\n' +
        "Rimuru has officially become a Demon Lord after defeating Clayman. Following Walpurgis, the Demon Lords' banquet, Rimuru's domain is expanded to include the entire Great Forest of Jura. Anticipating a flood of representatives from all races showing up to pay their respects, Rimuru decides to throw a festival to commemorate the opening of Tempest, using it as an opportunity to gain new citizens and present Demon Lord Rimuru to the world. Meanwhile, in the Holy Empire of Lubelius, home base of the monster-hating cult of Luminism, Holy Knight Captain Hinata receives a message from Rimuru. But the message is actually a fabricated declaration of war sent by some unknown party. Upon learning that Hinata is heading for Tempest, Rimuru makes a decision... Thus begins a new challenge for Rimuru, striving to distinguish friend from foe in his pursuit of the ideal nation where humans and monsters can prosper together. <br><br>\n" +
        '(Source: Crunchyroll)\n',
      format: 'TV',
      averageScore: 78,
      popularity: 99326,
      nextAiringEpisode: [Object],
      startDate: [Object],
      endDate: [Object],
      trailer: [Object]
    }
  ]
}
 GET /en 200 in 1177ms
 ⨯ Error: Cannot find module './chunks/undefined'
Require stack:
- /root/1anime/.next/server/webpack-api-runtime.js
- /root/1anime/.next/server/pages/api/v2/admin/broadcast.js
- /root/1anime/node_modules/next/dist/server/future/helpers/module-loader/node-module-loader.js
- /root/1anime/node_modules/next/dist/server/future/helpers/module-loader/route-module-loader.js
- /root/1anime/node_modules/next/dist/server/next-server.js
- /root/1anime/node_modules/next/dist/server/dev/next-dev-server.js
- /root/1anime/node_modules/next/dist/server/next.js
- /root/1anime/node_modules/next/dist/server/lib/start-server.js
    at Module._resolveFilename (node:internal/modules/cjs/loader:1140:15)
    at /root/1anime/node_modules/next/dist/server/require-hook.js:55:36
    at Module._load (node:internal/modules/cjs/loader:981:27)
    at Module.require (node:internal/modules/cjs/loader:1231:19)
    at mod.require (/root/1anime/node_modules/next/dist/server/require-hook.js:65:28)
    at require (node:internal/modules/helpers:177:18)
    at o.f.require (/root/1anime/.next/server/webpack-api-runtime.js:1:1882)
    at /root/1anime/.next/server/webpack-api-runtime.js:1:1361
    at Array.reduce (<anonymous>)
    at o.e (/root/1anime/.next/server/webpack-api-runtime.js:1:1340)
    at Array.map (<anonymous>)
    at o.X (/root/1anime/.next/server/webpack-api-runtime.js:1:1653)
    at /root/1anime/.next/server/pages/api/v2/admin/broadcast.js:93:47
    at Object.<anonymous> (/root/1anime/.next/server/pages/api/v2/admin/broadcast.js:96:3)
    at Module._compile (node:internal/modules/cjs/loader:1364:14) {
  code: 'MODULE_NOT_FOUND',
  requireStack: [
    '/root/1anime/.next/server/webpack-api-runtime.js',
    '/root/1anime/.next/server/pages/api/v2/admin/broadcast.js',
    '/root/1anime/node_modules/next/dist/server/future/helpers/module-loader/node-module-loader.js',
    '/root/1anime/node_modules/next/dist/server/future/helpers/module-loader/route-module-loader.js',
    '/root/1anime/node_modules/next/dist/server/next-server.js',
    '/root/1anime/node_modules/next/dist/server/dev/next-dev-server.js',
    '/root/1anime/node_modules/next/dist/server/next.js',
    '/root/1anime/node_modules/next/dist/server/lib/start-server.js'
  ]
}
 ⨯ Error: Cannot find module './chunks/undefined'
Require stack:
- /root/1anime/.next/server/webpack-api-runtime.js
- /root/1anime/.next/server/pages/api/v2/admin/broadcast.js
- /root/1anime/node_modules/next/dist/server/future/helpers/module-loader/node-module-loader.js
- /root/1anime/node_modules/next/dist/server/future/helpers/module-loader/route-module-loader.js
- /root/1anime/node_modules/next/dist/server/next-server.js
- /root/1anime/node_modules/next/dist/server/dev/next-dev-server.js
- /root/1anime/node_modules/next/dist/server/next.js
- /root/1anime/node_modules/next/dist/server/lib/start-server.js
    at Module._resolveFilename (node:internal/modules/cjs/loader:1140:15)
    at /root/1anime/node_modules/next/dist/server/require-hook.js:55:36
    at Module._load (node:internal/modules/cjs/loader:981:27)
    at Module.require (node:internal/modules/cjs/loader:1231:19)
    at mod.require (/root/1anime/node_modules/next/dist/server/require-hook.js:65:28)
    at require (node:internal/modules/helpers:177:18)
    at o.f.require (/root/1anime/.next/server/webpack-api-runtime.js:1:1882)
    at /root/1anime/.next/server/webpack-api-runtime.js:1:1361
    at Array.reduce (<anonymous>)
    at o.e (/root/1anime/.next/server/webpack-api-runtime.js:1:1340)
    at Array.map (<anonymous>)
    at o.X (/root/1anime/.next/server/webpack-api-runtime.js:1:1653)
    at /root/1anime/.next/server/pages/api/auth/[...nextauth].js:63:47
    at Object.<anonymous> (/root/1anime/.next/server/pages/api/auth/[...nextauth].js:66:3)
    at Module._compile (node:internal/modules/cjs/loader:1364:14) {
  code: 'MODULE_NOT_FOUND',
  requireStack: [
    '/root/1anime/.next/server/webpack-api-runtime.js',
    '/root/1anime/.next/server/pages/api/v2/admin/broadcast.js',
    '/root/1anime/node_modules/next/dist/server/future/helpers/module-loader/node-module-loader.js',
    '/root/1anime/node_modules/next/dist/server/future/helpers/module-loader/route-module-loader.js',
    '/root/1anime/node_modules/next/dist/server/next-server.js',
    '/root/1anime/node_modules/next/dist/server/dev/next-dev-server.js',
    '/root/1anime/node_modules/next/dist/server/next.js',
    '/root/1anime/node_modules/next/dist/server/lib/start-server.js'
  ]
}
 GET /api/v2/admin/broadcast 500 in 10ms
 GET /api/auth/session 500 in 13ms
 ⨯ Error: Cannot find module './chunks/undefined'
Require stack:
- /root/1anime/.next/server/webpack-api-runtime.js
- /root/1anime/.next/server/pages/api/v2/admin/broadcast.js
- /root/1anime/node_modules/next/dist/server/future/helpers/module-loader/node-module-loader.js
- /root/1anime/node_modules/next/dist/server/future/helpers/module-loader/route-module-loader.js
- /root/1anime/node_modules/next/dist/server/next-server.js
- /root/1anime/node_modules/next/dist/server/dev/next-dev-server.js
- /root/1anime/node_modules/next/dist/server/next.js
- /root/1anime/node_modules/next/dist/server/lib/start-server.js
    at Module._resolveFilename (node:internal/modules/cjs/loader:1140:15)
    at /root/1anime/node_modules/next/dist/server/require-hook.js:55:36
    at Module._load (node:internal/modules/cjs/loader:981:27)
    at Module.require (node:internal/modules/cjs/loader:1231:19)
    at mod.require (/root/1anime/node_modules/next/dist/server/require-hook.js:65:28)
    at require (node:internal/modules/helpers:177:18)
    at o.f.require (/root/1anime/.next/server/webpack-api-runtime.js:1:1882)
    at /root/1anime/.next/server/webpack-api-runtime.js:1:1361
    at Array.reduce (<anonymous>)
    at o.e (/root/1anime/.next/server/webpack-api-runtime.js:1:1340)
    at Array.map (<anonymous>)
    at o.X (/root/1anime/.next/server/webpack-api-runtime.js:1:1653)
    at /root/1anime/.next/server/pages/api/auth/[...nextauth].js:63:47
    at Object.<anonymous> (/root/1anime/.next/server/pages/api/auth/[...nextauth].js:66:3)
    at Module._compile (node:internal/modules/cjs/loader:1364:14) {
  code: 'MODULE_NOT_FOUND',
  requireStack: [
    '/root/1anime/.next/server/webpack-api-runtime.js',
    '/root/1anime/.next/server/pages/api/v2/admin/broadcast.js',
    '/root/1anime/node_modules/next/dist/server/future/helpers/module-loader/node-module-loader.js',
    '/root/1anime/node_modules/next/dist/server/future/helpers/module-loader/route-module-loader.js',
    '/root/1anime/node_modules/next/dist/server/next-server.js',
    '/root/1anime/node_modules/next/dist/server/dev/next-dev-server.js',
    '/root/1anime/node_modules/next/dist/server/next.js',
    '/root/1anime/node_modules/next/dist/server/lib/start-server.js'
  ]
}
 GET /api/auth/session 500 in 9ms
 ⨯ Error: Cannot find module './chunks/undefined'
Require stack:
- /root/1anime/.next/server/webpack-api-runtime.js
- /root/1anime/.next/server/pages/api/v2/admin/broadcast.js
- /root/1anime/node_modules/next/dist/server/future/helpers/module-loader/node-module-loader.js
- /root/1anime/node_modules/next/dist/server/future/helpers/module-loader/route-module-loader.js
- /root/1anime/node_modules/next/dist/server/next-server.js
- /root/1anime/node_modules/next/dist/server/dev/next-dev-server.js
- /root/1anime/node_modules/next/dist/server/next.js
- /root/1anime/node_modules/next/dist/server/lib/start-server.js
    at Module._resolveFilename (node:internal/modules/cjs/loader:1140:15)
    at /root/1anime/node_modules/next/dist/server/require-hook.js:55:36
    at Module._load (node:internal/modules/cjs/loader:981:27)
    at Module.require (node:internal/modules/cjs/loader:1231:19)
    at mod.require (/root/1anime/node_modules/next/dist/server/require-hook.js:65:28)
    at require (node:internal/modules/helpers:177:18)
    at o.f.require (/root/1anime/.next/server/webpack-api-runtime.js:1:1882)
    at /root/1anime/.next/server/webpack-api-runtime.js:1:1361
    at Array.reduce (<anonymous>)
    at o.e (/root/1anime/.next/server/webpack-api-runtime.js:1:1340)
    at Array.map (<anonymous>)
    at o.X (/root/1anime/.next/server/webpack-api-runtime.js:1:1653)
    at /root/1anime/.next/server/pages/api/auth/[...nextauth].js:63:47
    at Object.<anonymous> (/root/1anime/.next/server/pages/api/auth/[...nextauth].js:66:3)
    at Module._compile (node:internal/modules/cjs/loader:1364:14) {
  code: 'MODULE_NOT_FOUND',
  requireStack: [
    '/root/1anime/.next/server/webpack-api-runtime.js',
    '/root/1anime/.next/server/pages/api/v2/admin/broadcast.js',
    '/root/1anime/node_modules/next/dist/server/future/helpers/module-loader/node-module-loader.js',
    '/root/1anime/node_modules/next/dist/server/future/helpers/module-loader/route-module-loader.js',
    '/root/1anime/node_modules/next/dist/server/next-server.js',
    '/root/1anime/node_modules/next/dist/server/dev/next-dev-server.js',
    '/root/1anime/node_modules/next/dist/server/next.js',
    '/root/1anime/node_modules/next/dist/server/lib/start-server.js'
  ]
}
 POST /api/auth/_log 500 in 8ms
 GET /api/v2/etc/recent/1 304 in 251ms
 ⨯ Error: Cannot find module './chunks/undefined'
Require stack:
- /root/1anime/.next/server/webpack-api-runtime.js
- /root/1anime/.next/server/pages/api/v2/admin/broadcast.js
- /root/1anime/node_modules/next/dist/server/future/helpers/module-loader/node-module-loader.js
- /root/1anime/node_modules/next/dist/server/future/helpers/module-loader/route-module-loader.js
- /root/1anime/node_modules/next/dist/server/next-server.js
- /root/1anime/node_modules/next/dist/server/dev/next-dev-server.js
- /root/1anime/node_modules/next/dist/server/next.js
- /root/1anime/node_modules/next/dist/server/lib/start-server.js
    at Module._resolveFilename (node:internal/modules/cjs/loader:1140:15)
    at /root/1anime/node_modules/next/dist/server/require-hook.js:55:36
    at Module._load (node:internal/modules/cjs/loader:981:27)
    at Module.require (node:internal/modules/cjs/loader:1231:19)
    at mod.require (/root/1anime/node_modules/next/dist/server/require-hook.js:65:28)
    at require (node:internal/modules/helpers:177:18)
    at o.f.require (/root/1anime/.next/server/webpack-api-runtime.js:1:1882)
    at /root/1anime/.next/server/webpack-api-runtime.js:1:1361
    at Array.reduce (<anonymous>)
    at o.e (/root/1anime/.next/server/webpack-api-runtime.js:1:1340)
    at Array.map (<anonymous>)
    at o.X (/root/1anime/.next/server/webpack-api-runtime.js:1:1653)
    at /root/1anime/.next/server/pages/api/auth/[...nextauth].js:63:47
    at Object.<anonymous> (/root/1anime/.next/server/pages/api/auth/[...nextauth].js:66:3)
    at Module._compile (node:internal/modules/cjs/loader:1364:14) {
  code: 'MODULE_NOT_FOUND',
  requireStack: [
    '/root/1anime/.next/server/webpack-api-runtime.js',
    '/root/1anime/.next/server/pages/api/v2/admin/broadcast.js',
    '/root/1anime/node_modules/next/dist/server/future/helpers/module-loader/node-module-loader.js',
    '/root/1anime/node_modules/next/dist/server/future/helpers/module-loader/route-module-loader.js',
    '/root/1anime/node_modules/next/dist/server/next-server.js',
    '/root/1anime/node_modules/next/dist/server/dev/next-dev-server.js',
    '/root/1anime/node_modules/next/dist/server/next.js',
    '/root/1anime/node_modules/next/dist/server/lib/start-server.js'
  ]
}
 POST /api/auth/_log 500 in 10ms
 ✓ Compiled / in 173ms (1036 modules)
 GET / 307 in 201ms
 GET / 307 in 4ms
{
  trendData: [
    {
      id: 163292,
      idMal: 54913,
      status: 'RELEASING',
      title: [Object],
      bannerImage: 'https://s4.anilist.co/file/anilistcdn/media/anime/banner/163292-XOC86gRVHGOo.jpg',
      coverImage: [Object],
      episodes: 12,
      duration: 24,
      genres: [Array],
      description: '<i>"Why should it matter how old you are if you want to start something new?"</i><br><br>\n' +
        '\n' +
        "The strongest guy around, who also happens to be middle-aged, strives to be an adventurer! Everyone seems to think you should pursue your dreams while you're still young, but there's one man who just can't give up. In a world where most people who become adventurers do so in their teens, a guild employee in his thirties, Rick Gladiator, seeks to become an adventurer instead. After receiving unimaginably brutal training from the legendary party renowned as the strongest on the continent, Orichalcum Fist, he ends up with combat abilities worthy of S-rank status despite starting out as an F-rank rookie! <br><br>\n" +
        '(Source: Crunchyroll)',
      format: 'TV',
      averageScore: 67,
      popularity: 28103,
      nextAiringEpisode: [Object],
      startDate: [Object],
      endDate: [Object],
      trailer: [Object]
    },
    {
      id: 145728,
      idMal: 51122,
      status: 'RELEASING',
      title: [Object],
      bannerImage: 'https://s4.anilist.co/file/anilistcdn/media/anime/banner/145728-v6NGBJOQs8Kh.jpg',
      coverImage: [Object],
      episodes: 25,
      duration: 24,
      genres: [Array],
      description: 'Lawrence is a traveling merchant selling various goods from a horse-drawn cart. One day, he arrives at a village and meets a beautiful girl with the ears and tail of an animal! Her name is Holo the Wisewolf and she brings bountiful harvests. She wishes to return to her homeland, and Lawrence offers to take her. Now, the once-lonely merchant and the once-lonely wisewolf begin their journey north.<br>\n' +
        '<br>\n' +
        '(Source: Crunchyroll)',
      format: 'TV',
      averageScore: 77,
      popularity: 61950,
      nextAiringEpisode: [Object],
      startDate: [Object],
      endDate: [Object],
      trailer: [Object]
    },
    {
      id: 153406,
      idMal: 52635,
      status: 'RELEASING',
      title: [Object],
      bannerImage: 'https://s4.anilist.co/file/anilistcdn/media/anime/banner/153406-wP0TEqBVxY0V.jpg',
      coverImage: [Object],
      episodes: null,
      duration: 24,
      genres: [Array],
      description: 'The second season of <i>Kami no Tou: Tower of God</i>.\n' +
        '<br><br>\n' +
        'Ja Wangnan can’t seem to pass the 20th Floor. Even after failing time and time again, he refuses to give up. On his journey, he meets a mysterious and powerful character named Viole. Wangnan invites Viole to join his team of Regulars. Their journey continues with new challenges at every turn.\n' +
        '<br><br>\n' +
        '(Source: Crunchyroll)',
      format: 'TV',
      averageScore: 70,
      popularity: 72981,
      nextAiringEpisode: [Object],
      startDate: [Object],
      endDate: [Object],
      trailer: [Object]
    },
    {
      id: 174576,
      idMal: 58059,
      status: 'RELEASING',
      title: [Object],
      bannerImage: 'https://s4.anilist.co/file/anilistcdn/media/anime/banner/174576-6stJnscy5rCi.jpg',
      coverImage: [Object],
      episodes: 12,
      duration: 24,
      genres: [Array],
      description: "A hard-working boy named Will enters a magic academy in hopes of becoming a great sorcerer. Unfortunately, there's a fatal flaw in his plan: he lacks the ability to use magic. Amid the cold stares of his classmates and instructors, Will feels discouraged at times, but he presses forward with unwavering determination. He can't use a wand, but he can wield a sword in his battle to reach the top of a magic-dominated world. He just needs to believe in his own unique strengths and remember the promise he made with someone precious to him...\n" +
        '<br><br>\n' +
        '(Source: Crunchyroll)',
      format: 'TV',
      averageScore: 76,
      popularity: 54823,
      nextAiringEpisode: [Object],
      startDate: [Object],
      endDate: [Object],
      trailer: [Object]
    },
    {
      id: 163139,
      idMal: 54789,
      status: 'RELEASING',
      title: [Object],
      bannerImage: 'https://s4.anilist.co/file/anilistcdn/media/anime/banner/163139-I6UpRghBPVor.jpg',
      coverImage: [Object],
      episodes: 21,
      duration: 24,
      genres: [Array],
      description: 'The seventh season of <i>Boku no Hero Academia</i>.<br>\n' +
        '<br>\n' +
        'Following an all-out battle with the Paranormal Liberation Front, it is difficult for the people of Japan to continue placing faith in their heroes. To combat the combined power of Tomura Shigaraki and All For One, All Might calls for his ally from the West—the strongest woman on the planet, Star and Stripe.<br>\n' +
        '<br>\n' +
        'However, All For One decides to intercept Star and her fleet to get his hands on her overpowered quirk before she can enter Japanese airspace. Although Endeavor, Hawks, and Best Jeanist are headed to the rendezvous point, Star makes a gamble in the present to save her comrades.<br>\n' +
        '<br>\n' +
        '(Source: MAL Rewrite)<br>\n' +
        '<br>\n' +
        "<i>Note: The season was preceded by a 4-episode special titled 'Boku no Hero Academia: Memories' recapping events from the 6th season along with adding a few minutes of new material each episode.</i>",
      format: 'TV',
      averageScore: 78,
      popularity: 89123,
      nextAiringEpisode: [Object],
      startDate: [Object],
      endDate: [Object],
      trailer: [Object]
    },
    {
      id: 171457,
      idMal: 57524,
      status: 'RELEASING',
      title: [Object],
      bannerImage: 'https://s4.anilist.co/file/anilistcdn/media/anime/banner/171457-VBH6gmvCKHwV.jpg',
      coverImage: [Object],
      episodes: 12,
      duration: 24,
      genres: [Array],
      description: 'Kazuhiko Nukumizu is a high school boy content to blend in with the background mob, until he witnessed his more popular classmate Anna Yanami get dumped by her childhood friend. He felt like he had to try to comfort Yanami, but this led him to become entangled with other girls who have met defeat at love?',
      format: 'TV',
      averageScore: 81,
      popularity: 44935,
      nextAiringEpisode: [Object],
      startDate: [Object],
      endDate: [Object],
      trailer: [Object]
    },
    {
      id: 156822,
      idMal: 53580,
      status: 'RELEASING',
      title: [Object],
      bannerImage: 'https://s4.anilist.co/file/anilistcdn/media/anime/banner/156822-y0wPQIl3AHDA.jpg',
      coverImage: [Object],
      episodes: 24,
      duration: 24,
      genres: [Array],
      description: 'The third season of <i>Tensei Shitara Slime Datta Ken</i>.<br><br>\n' +
        "Rimuru has officially become a Demon Lord after defeating Clayman. Following Walpurgis, the Demon Lords' banquet, Rimuru's domain is expanded to include the entire Great Forest of Jura. Anticipating a flood of representatives from all races showing up to pay their respects, Rimuru decides to throw a festival to commemorate the opening of Tempest, using it as an opportunity to gain new citizens and present Demon Lord Rimuru to the world. Meanwhile, in the Holy Empire of Lubelius, home base of the monster-hating cult of Luminism, Holy Knight Captain Hinata receives a message from Rimuru. But the message is actually a fabricated declaration of war sent by some unknown party. Upon learning that Hinata is heading for Tempest, Rimuru makes a decision... Thus begins a new challenge for Rimuru, striving to distinguish friend from foe in his pursuit of the ideal nation where humans and monsters can prosper together. <br><br>\n" +
        '(Source: Crunchyroll)\n',
      format: 'TV',
      averageScore: 78,
      popularity: 99326,
      nextAiringEpisode: [Object],
      startDate: [Object],
      endDate: [Object],
      trailer: [Object]
    }
  ]
}
 GET /en 200 in 2022ms
 GET / 307 in 5ms
{
  trendData: [
    {
      id: 163292,
      idMal: 54913,
      status: 'RELEASING',
      title: [Object],
      bannerImage: 'https://s4.anilist.co/file/anilistcdn/media/anime/banner/163292-XOC86gRVHGOo.jpg',
      coverImage: [Object],
      episodes: 12,
      duration: 24,
      genres: [Array],
      description: '<i>"Why should it matter how old you are if you want to start something new?"</i><br><br>\n' +
        '\n' +
        "The strongest guy around, who also happens to be middle-aged, strives to be an adventurer! Everyone seems to think you should pursue your dreams while you're still young, but there's one man who just can't give up. In a world where most people who become adventurers do so in their teens, a guild employee in his thirties, Rick Gladiator, seeks to become an adventurer instead. After receiving unimaginably brutal training from the legendary party renowned as the strongest on the continent, Orichalcum Fist, he ends up with combat abilities worthy of S-rank status despite starting out as an F-rank rookie! <br><br>\n" +
        '(Source: Crunchyroll)',
      format: 'TV',
      averageScore: 67,
      popularity: 28103,
      nextAiringEpisode: [Object],
      startDate: [Object],
      endDate: [Object],
      trailer: [Object]
    },
    {
      id: 145728,
      idMal: 51122,
      status: 'RELEASING',
      title: [Object],
      bannerImage: 'https://s4.anilist.co/file/anilistcdn/media/anime/banner/145728-v6NGBJOQs8Kh.jpg',
      coverImage: [Object],
      episodes: 25,
      duration: 24,
      genres: [Array],
      description: 'Lawrence is a traveling merchant selling various goods from a horse-drawn cart. One day, he arrives at a village and meets a beautiful girl with the ears and tail of an animal! Her name is Holo the Wisewolf and she brings bountiful harvests. She wishes to return to her homeland, and Lawrence offers to take her. Now, the once-lonely merchant and the once-lonely wisewolf begin their journey north.<br>\n' +
        '<br>\n' +
        '(Source: Crunchyroll)',
      format: 'TV',
      averageScore: 77,
      popularity: 61950,
      nextAiringEpisode: [Object],
      startDate: [Object],
      endDate: [Object],
      trailer: [Object]
    },
    {
      id: 153406,
      idMal: 52635,
      status: 'RELEASING',
      title: [Object],
      bannerImage: 'https://s4.anilist.co/file/anilistcdn/media/anime/banner/153406-wP0TEqBVxY0V.jpg',
      coverImage: [Object],
      episodes: null,
      duration: 24,
      genres: [Array],
      description: 'The second season of <i>Kami no Tou: Tower of God</i>.\n' +
        '<br><br>\n' +
        'Ja Wangnan can’t seem to pass the 20th Floor. Even after failing time and time again, he refuses to give up. On his journey, he meets a mysterious and powerful character named Viole. Wangnan invites Viole to join his team of Regulars. Their journey continues with new challenges at every turn.\n' +
        '<br><br>\n' +
        '(Source: Crunchyroll)',
      format: 'TV',
      averageScore: 70,
      popularity: 72981,
      nextAiringEpisode: [Object],
      startDate: [Object],
      endDate: [Object],
      trailer: [Object]
    },
    {
      id: 174576,
      idMal: 58059,
      status: 'RELEASING',
      title: [Object],
      bannerImage: 'https://s4.anilist.co/file/anilistcdn/media/anime/banner/174576-6stJnscy5rCi.jpg',
      coverImage: [Object],
      episodes: 12,
      duration: 24,
      genres: [Array],
      description: "A hard-working boy named Will enters a magic academy in hopes of becoming a great sorcerer. Unfortunately, there's a fatal flaw in his plan: he lacks the ability to use magic. Amid the cold stares of his classmates and instructors, Will feels discouraged at times, but he presses forward with unwavering determination. He can't use a wand, but he can wield a sword in his battle to reach the top of a magic-dominated world. He just needs to believe in his own unique strengths and remember the promise he made with someone precious to him...\n" +
        '<br><br>\n' +
        '(Source: Crunchyroll)',
      format: 'TV',
      averageScore: 76,
      popularity: 54823,
      nextAiringEpisode: [Object],
      startDate: [Object],
      endDate: [Object],
      trailer: [Object]
    },
    {
      id: 163139,
      idMal: 54789,
      status: 'RELEASING',
      title: [Object],
      bannerImage: 'https://s4.anilist.co/file/anilistcdn/media/anime/banner/163139-I6UpRghBPVor.jpg',
      coverImage: [Object],
      episodes: 21,
      duration: 24,
      genres: [Array],
      description: 'The seventh season of <i>Boku no Hero Academia</i>.<br>\n' +
        '<br>\n' +
        'Following an all-out battle with the Paranormal Liberation Front, it is difficult for the people of Japan to continue placing faith in their heroes. To combat the combined power of Tomura Shigaraki and All For One, All Might calls for his ally from the West—the strongest woman on the planet, Star and Stripe.<br>\n' +
        '<br>\n' +
        'However, All For One decides to intercept Star and her fleet to get his hands on her overpowered quirk before she can enter Japanese airspace. Although Endeavor, Hawks, and Best Jeanist are headed to the rendezvous point, Star makes a gamble in the present to save her comrades.<br>\n' +
        '<br>\n' +
        '(Source: MAL Rewrite)<br>\n' +
        '<br>\n' +
        "<i>Note: The season was preceded by a 4-episode special titled 'Boku no Hero Academia: Memories' recapping events from the 6th season along with adding a few minutes of new material each episode.</i>",
      format: 'TV',
      averageScore: 78,
      popularity: 89123,
      nextAiringEpisode: [Object],
      startDate: [Object],
      endDate: [Object],
      trailer: [Object]
    },
    {
      id: 171457,
      idMal: 57524,
      status: 'RELEASING',
      title: [Object],
      bannerImage: 'https://s4.anilist.co/file/anilistcdn/media/anime/banner/171457-VBH6gmvCKHwV.jpg',
      coverImage: [Object],
      episodes: 12,
      duration: 24,
      genres: [Array],
      description: 'Kazuhiko Nukumizu is a high school boy content to blend in with the background mob, until he witnessed his more popular classmate Anna Yanami get dumped by her childhood friend. He felt like he had to try to comfort Yanami, but this led him to become entangled with other girls who have met defeat at love?',
      format: 'TV',
      averageScore: 81,
      popularity: 44935,
      nextAiringEpisode: [Object],
      startDate: [Object],
      endDate: [Object],
      trailer: [Object]
    },
    {
      id: 156822,
      idMal: 53580,
      status: 'RELEASING',
      title: [Object],
      bannerImage: 'https://s4.anilist.co/file/anilistcdn/media/anime/banner/156822-y0wPQIl3AHDA.jpg',
      coverImage: [Object],
      episodes: 24,
      duration: 24,
      genres: [Array],
      description: 'The third season of <i>Tensei Shitara Slime Datta Ken</i>.<br><br>\n' +
        "Rimuru has officially become a Demon Lord after defeating Clayman. Following Walpurgis, the Demon Lords' banquet, Rimuru's domain is expanded to include the entire Great Forest of Jura. Anticipating a flood of representatives from all races showing up to pay their respects, Rimuru decides to throw a festival to commemorate the opening of Tempest, using it as an opportunity to gain new citizens and present Demon Lord Rimuru to the world. Meanwhile, in the Holy Empire of Lubelius, home base of the monster-hating cult of Luminism, Holy Knight Captain Hinata receives a message from Rimuru. But the message is actually a fabricated declaration of war sent by some unknown party. Upon learning that Hinata is heading for Tempest, Rimuru makes a decision... Thus begins a new challenge for Rimuru, striving to distinguish friend from foe in his pursuit of the ideal nation where humans and monsters can prosper together. <br><br>\n" +
        '(Source: Crunchyroll)\n',
      format: 'TV',
      averageScore: 78,
      popularity: 99326,
      nextAiringEpisode: [Object],
      startDate: [Object],
      endDate: [Object],
      trailer: [Object]
    }
  ]
}
 GET /en 200 in 1415ms
 ○ Compiling /404 ...
 ✓ Compiled /404 in 791ms (1016 modules)
 ⨯ Error: Cannot find module './chunks/vendor-chunks/next.js'
Require stack:
- /root/1anime/.next/server/webpack-runtime.js
- /root/1anime/.next/server/pages/_document.js
- /root/1anime/node_modules/next/dist/server/require.js
- /root/1anime/node_modules/next/dist/server/load-components.js
- /root/1anime/node_modules/next/dist/build/utils.js
- /root/1anime/node_modules/next/dist/server/dev/hot-middleware.js
- /root/1anime/node_modules/next/dist/server/dev/hot-reloader-webpack.js
- /root/1anime/node_modules/next/dist/server/lib/router-utils/setup-dev-bundler.js
- /root/1anime/node_modules/next/dist/server/lib/router-server.js
- /root/1anime/node_modules/next/dist/server/lib/start-server.js
    at Module._resolveFilename (node:internal/modules/cjs/loader:1140:15)
    at /root/1anime/node_modules/next/dist/server/require-hook.js:55:36
    at Module._load (node:internal/modules/cjs/loader:981:27)
    at Module.require (node:internal/modules/cjs/loader:1231:19)
    at mod.require (/root/1anime/node_modules/next/dist/server/require-hook.js:65:28)
    at require (node:internal/modules/helpers:177:18)
    at t.f.require (/root/1anime/.next/server/webpack-runtime.js:1:2322)
    at /root/1anime/.next/server/webpack-runtime.js:1:1793
    at Array.reduce (<anonymous>)
    at t.e (/root/1anime/.next/server/webpack-runtime.js:1:1772)
    at Array.map (<anonymous>)
    at t.X (/root/1anime/.next/server/webpack-runtime.js:1:2093)
    at /root/1anime/.next/server/pages/404.js:518:47
    at Object.<anonymous> (/root/1anime/.next/server/pages/404.js:521:3)
    at Module._compile (node:internal/modules/cjs/loader:1364:14) {
  code: 'MODULE_NOT_FOUND',
  requireStack: [
    '/root/1anime/.next/server/webpack-runtime.js',
    '/root/1anime/.next/server/pages/_document.js',
    '/root/1anime/node_modules/next/dist/server/require.js',
    '/root/1anime/node_modules/next/dist/server/load-components.js',
    '/root/1anime/node_modules/next/dist/build/utils.js',
    '/root/1anime/node_modules/next/dist/server/dev/hot-middleware.js',
    '/root/1anime/node_modules/next/dist/server/dev/hot-reloader-webpack.js',
    '/root/1anime/node_modules/next/dist/server/lib/router-utils/setup-dev-bundler.js',
    '/root/1anime/node_modules/next/dist/server/lib/router-server.js',
    '/root/1anime/node_modules/next/dist/server/lib/start-server.js'
  ]
}
 ⨯ Error: Cannot find module './chunks/vendor-chunks/next.js'
Require stack:
- /root/1anime/.next/server/webpack-runtime.js
- /root/1anime/.next/server/pages/_document.js
- /root/1anime/node_modules/next/dist/server/require.js
- /root/1anime/node_modules/next/dist/server/load-components.js
- /root/1anime/node_modules/next/dist/build/utils.js
- /root/1anime/node_modules/next/dist/server/dev/hot-middleware.js
- /root/1anime/node_modules/next/dist/server/dev/hot-reloader-webpack.js
- /root/1anime/node_modules/next/dist/server/lib/router-utils/setup-dev-bundler.js
- /root/1anime/node_modules/next/dist/server/lib/router-server.js
- /root/1anime/node_modules/next/dist/server/lib/start-server.js
    at Module._resolveFilename (node:internal/modules/cjs/loader:1140:15)
    at /root/1anime/node_modules/next/dist/server/require-hook.js:55:36
    at Module._load (node:internal/modules/cjs/loader:981:27)
    at Module.require (node:internal/modules/cjs/loader:1231:19)
    at mod.require (/root/1anime/node_modules/next/dist/server/require-hook.js:65:28)
    at require (node:internal/modules/helpers:177:18)
    at t.f.require (/root/1anime/.next/server/webpack-runtime.js:1:2322)
    at /root/1anime/.next/server/webpack-runtime.js:1:1793
    at Array.reduce (<anonymous>)
    at t.e (/root/1anime/.next/server/webpack-runtime.js:1:1772)
    at Array.map (<anonymous>)
    at t.X (/root/1anime/.next/server/webpack-runtime.js:1:2093)
    at /root/1anime/.next/server/pages/404.js:518:47
    at Object.<anonymous> (/root/1anime/.next/server/pages/404.js:521:3)
    at Module._compile (node:internal/modules/cjs/loader:1364:14) {
  code: 'MODULE_NOT_FOUND',
  requireStack: [
    '/root/1anime/.next/server/webpack-runtime.js',
    '/root/1anime/.next/server/pages/_document.js',
    '/root/1anime/node_modules/next/dist/server/require.js',
    '/root/1anime/node_modules/next/dist/server/load-components.js',
    '/root/1anime/node_modules/next/dist/build/utils.js',
    '/root/1anime/node_modules/next/dist/server/dev/hot-middleware.js',
    '/root/1anime/node_modules/next/dist/server/dev/hot-reloader-webpack.js',
    '/root/1anime/node_modules/next/dist/server/lib/router-utils/setup-dev-bundler.js',
    '/root/1anime/node_modules/next/dist/server/lib/router-server.js',
    '/root/1anime/node_modules/next/dist/server/lib/start-server.js'
  ]
}
 ⨯ Error: Cannot find module './chunks/vendor-chunks/next.js'
Require stack:
- /root/1anime/.next/server/webpack-runtime.js
- /root/1anime/.next/server/pages/_document.js
- /root/1anime/node_modules/next/dist/server/require.js
- /root/1anime/node_modules/next/dist/server/load-components.js
- /root/1anime/node_modules/next/dist/build/utils.js
- /root/1anime/node_modules/next/dist/server/dev/hot-middleware.js
- /root/1anime/node_modules/next/dist/server/dev/hot-reloader-webpack.js
- /root/1anime/node_modules/next/dist/server/lib/router-utils/setup-dev-bundler.js
- /root/1anime/node_modules/next/dist/server/lib/router-server.js
- /root/1anime/node_modules/next/dist/server/lib/start-server.js
    at Module._resolveFilename (node:internal/modules/cjs/loader:1140:15)
    at /root/1anime/node_modules/next/dist/server/require-hook.js:55:36
    at Module._load (node:internal/modules/cjs/loader:981:27)
    at Module.require (node:internal/modules/cjs/loader:1231:19)
    at mod.require (/root/1anime/node_modules/next/dist/server/require-hook.js:65:28)
    at require (node:internal/modules/helpers:177:18)
    at t.f.require (/root/1anime/.next/server/webpack-runtime.js:1:2322)
    at /root/1anime/.next/server/webpack-runtime.js:1:1793
    at Array.reduce (<anonymous>)
    at t.e (/root/1anime/.next/server/webpack-runtime.js:1:1772)
    at Array.map (<anonymous>)
    at t.X (/root/1anime/.next/server/webpack-runtime.js:1:2093)
    at /root/1anime/.next/server/pages/404.js:518:47
    at Object.<anonymous> (/root/1anime/.next/server/pages/404.js:521:3)
    at Module._compile (node:internal/modules/cjs/loader:1364:14) {
  code: 'MODULE_NOT_FOUND',
  requireStack: [
    '/root/1anime/.next/server/webpack-runtime.js',
    '/root/1anime/.next/server/pages/_document.js',
    '/root/1anime/node_modules/next/dist/server/require.js',
    '/root/1anime/node_modules/next/dist/server/load-components.js',
    '/root/1anime/node_modules/next/dist/build/utils.js',
    '/root/1anime/node_modules/next/dist/server/dev/hot-middleware.js',
    '/root/1anime/node_modules/next/dist/server/dev/hot-reloader-webpack.js',
    '/root/1anime/node_modules/next/dist/server/lib/router-utils/setup-dev-bundler.js',
    '/root/1anime/node_modules/next/dist/server/lib/router-server.js',
    '/root/1anime/node_modules/next/dist/server/lib/start-server.js'
  ]
}
 ⨯ Error: Cannot find module './chunks/vendor-chunks/next.js'
Require stack:
- /root/1anime/.next/server/webpack-runtime.js
- /root/1anime/.next/server/pages/_document.js
- /root/1anime/node_modules/next/dist/server/require.js
- /root/1anime/node_modules/next/dist/server/load-components.js
- /root/1anime/node_modules/next/dist/build/utils.js
- /root/1anime/node_modules/next/dist/server/dev/hot-middleware.js
- /root/1anime/node_modules/next/dist/server/dev/hot-reloader-webpack.js
- /root/1anime/node_modules/next/dist/server/lib/router-utils/setup-dev-bundler.js
- /root/1anime/node_modules/next/dist/server/lib/router-server.js
- /root/1anime/node_modules/next/dist/server/lib/start-server.js
    at Module._resolveFilename (node:internal/modules/cjs/loader:1140:15)
    at /root/1anime/node_modules/next/dist/server/require-hook.js:55:36
    at Module._load (node:internal/modules/cjs/loader:981:27)
    at Module.require (node:internal/modules/cjs/loader:1231:19)
    at mod.require (/root/1anime/node_modules/next/dist/server/require-hook.js:65:28)
    at require (node:internal/modules/helpers:177:18)
    at t.f.require (/root/1anime/.next/server/webpack-runtime.js:1:2322)
    at /root/1anime/.next/server/webpack-runtime.js:1:1793
    at Array.reduce (<anonymous>)
    at t.e (/root/1anime/.next/server/webpack-runtime.js:1:1772)
    at Array.map (<anonymous>)
    at t.X (/root/1anime/.next/server/webpack-runtime.js:1:2093)
    at /root/1anime/.next/server/pages/404.js:518:47
    at Object.<anonymous> (/root/1anime/.next/server/pages/404.js:521:3)
    at Module._compile (node:internal/modules/cjs/loader:1364:14) {
  code: 'MODULE_NOT_FOUND',
  requireStack: [
    '/root/1anime/.next/server/webpack-runtime.js',
    '/root/1anime/.next/server/pages/_document.js',
    '/root/1anime/node_modules/next/dist/server/require.js',
    '/root/1anime/node_modules/next/dist/server/load-components.js',
    '/root/1anime/node_modules/next/dist/build/utils.js',
    '/root/1anime/node_modules/next/dist/server/dev/hot-middleware.js',
    '/root/1anime/node_modules/next/dist/server/dev/hot-reloader-webpack.js',
    '/root/1anime/node_modules/next/dist/server/lib/router-utils/setup-dev-bundler.js',
    '/root/1anime/node_modules/next/dist/server/lib/router-server.js',
    '/root/1anime/node_modules/next/dist/server/lib/start-server.js'
  ]
}
 ⨯ Error: Cannot find module './chunks/vendor-chunks/next.js'
Require stack:
- /root/1anime/.next/server/webpack-runtime.js
- /root/1anime/.next/server/pages/_document.js
- /root/1anime/node_modules/next/dist/server/require.js
- /root/1anime/node_modules/next/dist/server/load-components.js
- /root/1anime/node_modules/next/dist/build/utils.js
- /root/1anime/node_modules/next/dist/server/dev/hot-middleware.js
- /root/1anime/node_modules/next/dist/server/dev/hot-reloader-webpack.js
- /root/1anime/node_modules/next/dist/server/lib/router-utils/setup-dev-bundler.js
- /root/1anime/node_modules/next/dist/server/lib/router-server.js
- /root/1anime/node_modules/next/dist/server/lib/start-server.js
    at Module._resolveFilename (node:internal/modules/cjs/loader:1140:15)
    at /root/1anime/node_modules/next/dist/server/require-hook.js:55:36
    at Module._load (node:internal/modules/cjs/loader:981:27)
    at Module.require (node:internal/modules/cjs/loader:1231:19)
    at mod.require (/root/1anime/node_modules/next/dist/server/require-hook.js:65:28)
    at require (node:internal/modules/helpers:177:18)
    at t.f.require (/root/1anime/.next/server/webpack-runtime.js:1:2322)
    at /root/1anime/.next/server/webpack-runtime.js:1:1793
    at Array.reduce (<anonymous>)
    at t.e (/root/1anime/.next/server/webpack-runtime.js:1:1772)
    at Array.map (<anonymous>)
    at t.X (/root/1anime/.next/server/webpack-runtime.js:1:2093)
    at /root/1anime/.next/server/pages/404.js:518:47
    at Object.<anonymous> (/root/1anime/.next/server/pages/404.js:521:3)
    at Module._compile (node:internal/modules/cjs/loader:1364:14) {
  code: 'MODULE_NOT_FOUND',
  requireStack: [
    '/root/1anime/.next/server/webpack-runtime.js',
    '/root/1anime/.next/server/pages/_document.js',
    '/root/1anime/node_modules/next/dist/server/require.js',
    '/root/1anime/node_modules/next/dist/server/load-components.js',
    '/root/1anime/node_modules/next/dist/build/utils.js',
    '/root/1anime/node_modules/next/dist/server/dev/hot-middleware.js',
    '/root/1anime/node_modules/next/dist/server/dev/hot-reloader-webpack.js',
    '/root/1anime/node_modules/next/dist/server/lib/router-utils/setup-dev-bundler.js',
    '/root/1anime/node_modules/next/dist/server/lib/router-server.js',
    '/root/1anime/node_modules/next/dist/server/lib/start-server.js'
  ]
}
 ✓ Compiled /_error in 365ms (1016 modules)
 GET /_next/static/development/_ssgManifest.js 500 in 5777ms
 GET /_next/static/chunks/pages/_app.js 500 in 5704ms
 GET /_next/static/chunks/main.js 500 in 5704ms
 GET /_next/static/chunks/react-refresh.js 500 in 5832ms
 GET /_next/static/chunks/pages/en.js 500 in 4920ms
 ⨯ Error: Cannot find module './chunks/vendor-chunks/next.js'
Require stack:
- /root/1anime/.next/server/webpack-runtime.js
- /root/1anime/.next/server/pages/_document.js
- /root/1anime/node_modules/next/dist/server/require.js
- /root/1anime/node_modules/next/dist/server/load-components.js
- /root/1anime/node_modules/next/dist/build/utils.js
- /root/1anime/node_modules/next/dist/server/dev/hot-middleware.js
- /root/1anime/node_modules/next/dist/server/dev/hot-reloader-webpack.js
- /root/1anime/node_modules/next/dist/server/lib/router-utils/setup-dev-bundler.js
- /root/1anime/node_modules/next/dist/server/lib/router-server.js
- /root/1anime/node_modules/next/dist/server/lib/start-server.js
    at Module._resolveFilename (node:internal/modules/cjs/loader:1140:15)
    at /root/1anime/node_modules/next/dist/server/require-hook.js:55:36
    at Module._load (node:internal/modules/cjs/loader:981:27)
    at Module.require (node:internal/modules/cjs/loader:1231:19)
    at mod.require (/root/1anime/node_modules/next/dist/server/require-hook.js:65:28)
    at require (node:internal/modules/helpers:177:18)
    at t.f.require (/root/1anime/.next/server/webpack-runtime.js:1:2322)
    at /root/1anime/.next/server/webpack-runtime.js:1:1793
    at Array.reduce (<anonymous>)
    at t.e (/root/1anime/.next/server/webpack-runtime.js:1:1772)
    at Array.map (<anonymous>)
    at t.X (/root/1anime/.next/server/webpack-runtime.js:1:2093)
    at /root/1anime/.next/server/pages/404.js:518:47
    at Object.<anonymous> (/root/1anime/.next/server/pages/404.js:521:3)
    at Module._compile (node:internal/modules/cjs/loader:1364:14) {
  code: 'MODULE_NOT_FOUND',
  requireStack: [
    '/root/1anime/.next/server/webpack-runtime.js',
    '/root/1anime/.next/server/pages/_document.js',
    '/root/1anime/node_modules/next/dist/server/require.js',
    '/root/1anime/node_modules/next/dist/server/load-components.js',
    '/root/1anime/node_modules/next/dist/build/utils.js',
    '/root/1anime/node_modules/next/dist/server/dev/hot-middleware.js',
    '/root/1anime/node_modules/next/dist/server/dev/hot-reloader-webpack.js',
    '/root/1anime/node_modules/next/dist/server/lib/router-utils/setup-dev-bundler.js',
    '/root/1anime/node_modules/next/dist/server/lib/router-server.js',
    '/root/1anime/node_modules/next/dist/server/lib/start-server.js'
  ]
}
 GET /_next/static/chunks/pages/en.js 500 in 17ms
<w> [webpack.cache.PackFileCacheStrategy] Caching failed for pack: Error: ENOENT: no such file or directory, rename '/root/1anime/.next/cache/webpack/client-development-fallback/0.pack.gz_' -> '/root/1anime/.next/cache/webpack/client-development-fallback/0.pack.gz'
<w> [webpack.cache.PackFileCacheStrategy] Caching failed for pack: Error: ENOENT: no such file or directory, rename '/root/1anime/.next/cache/webpack/client-development-fallback/0.pack.gz_' -> '/root/1anime/.next/cache/webpack/client-development-fallback/0.pack.gz'
<w> [webpack.cache.PackFileCacheStrategy] Caching failed for pack: Error: ENOENT: no such file or directory, rename '/root/1anime/.next/cache/webpack/client-development-fallback/0.pack.gz_' -> '/root/1anime/.next/cache/webpack/client-development-fallback/0.pack.gz'
<w> [webpack.cache.PackFileCacheStrategy] Caching failed for pack: Error: ENOENT: no such file or directory, rename '/root/1anime/.next/cache/webpack/client-development-fallback/0.pack.gz_' -> '/root/1anime/.next/cache/webpack/client-development-fallback/0.pack.gz'
